time,open,high,low,close,volume
2023-04-14,2012.00000000,2128.76000000,2009.22000000,2099.99000000,896307.39340000
2023-04-15,2099.99000000,2111.85000000,2071.13000000,2090.60000000,321823.78510000
2023-04-16,2090.61000000,2141.54000000,2072.72000000,2118.67000000,319880.43930000
2023-04-17,2118.66000000,2120.51000000,2056.25000000,2074.00000000,426972.70710000
2023-04-18,2073.99000000,2125.00000000,2051.00000000,2103.50000000,414244.61350000
2023-04-19,2103.51000000,2104.60000000,1923.03000000,1933.73000000,775389.06020000
2023-04-20,1933.74000000,1982.99000000,1914.43000000,1942.98000000,625336.24950000
2023-04-21,1942.98000000,1957.27000000,1825.00000000,1848.78000000,688876.61860000
2023-04-22,1848.77000000,1887.31000000,1841.64000000,1874.16000000,331007.58790000
2023-04-23,1874.17000000,1882.01000000,1836.37000000,1862.00000000,344514.34440000
2023-04-24,1862.01000000,1890.00000000,1806.00000000,1841.84000000,447864.05170000
2023-04-25,1841.84000000,1877.86000000,1801.66000000,1866.10000000,457870.60470000
2023-04-26,1866.10000000,1964.72000000,1785.00000000,1866.01000000,897709.72980000
2023-04-27,1866.01000000,1940.96000000,1861.19000000,1908.68000000,727472.94660000
2023-04-28,1908.68000000,1923.88000000,1873.94000000,1890.94000000,387630.77910000
2023-04-29,1890.93000000,1918.00000000,1883.05000000,1907.80000000,182046.14060000
2023-04-30,1907.79000000,1939.00000000,1866.16000000,1870.09000000,355336.48880000
2023-05-01,1870.08000000,1886.49000000,1806.12000000,1830.73000000,445519.17790000
2023-05-02,1830.73000000,1881.87000000,1822.94000000,1870.08000000,373753.20270000
2023-05-03,1870.09000000,1916.52000000,1842.64000000,1905.12000000,465185.25010000
2023-05-04,1905.12000000,1918.26000000,1866.71000000,1877.07000000,354528.61440000
2023-05-05,1877.07000000,1998.36000000,1875.65000000,1993.30000000,546608.87500000
2023-05-06,1993.30000000,2019.00000000,1860.00000000,1896.33000000,608106.99150000
2023-05-07,1896.33000000,1933.33000000,1867.59000000,1870.40000000,413268.83570000
2023-05-08,1870.41000000,1883.97000000,1810.73000000,1847.56000000,625316.61680000
2023-05-09,1847.55000000,1861.88000000,1830.99000000,1846.52000000,304396.18600000
2023-05-10,1846.53000000,1887.47000000,1790.51000000,1840.84000000,639933.38550000
2023-05-11,1840.83000000,1842.02000000,1772.68000000,1794.30000000,522096.07250000
2023-05-12,1794.31000000,1818.63000000,1740.00000000,1807.45000000,565539.83090000
2023-05-13,1807.45000000,1817.03000000,1785.23000000,1795.11000000,212895.43730000
2023-05-14,1795.12000000,1824.00000000,1789.82000000,1799.21000000,218101.09770000
2023-05-15,1799.20000000,1846.70000000,1785.05000000,1816.20000000,388171.92610000
2023-05-16,1816.21000000,1832.64000000,1796.20000000,1824.21000000,311238.67860000
2023-05-17,1824.21000000,1837.50000000,1783.68000000,1822.12000000,352097.99130000
2023-05-18,1822.12000000,1831.92000000,1771.12000000,1800.56000000,293755.31100000
2023-05-19,1800.56000000,1829.54000000,1796.81000000,1812.32000000,243116.46760000
2023-05-20,1812.31000000,1828.87000000,1807.06000000,1819.42000000,127754.43490000
2023-05-21,1819.42000000,1828.98000000,1797.21000000,1804.91000000,161517.80530000
2023-05-22,1804.91000000,1828.27000000,1792.01000000,1817.35000000,237498.94230000
2023-05-23,1817.36000000,1872.50000000,1815.24000000,1854.05000000,396869.60970000
2023-05-24,1854.06000000,1854.09000000,1777.60000000,1799.89000000,420846.14450000
2023-05-25,1799.89000000,1818.81000000,1761.41000000,1805.60000000,350633.00890000
2023-05-26,1805.61000000,1838.20000000,1796.99000000,1827.79000000,275690.68540000
2023-05-27,1827.80000000,1836.12000000,1812.18000000,1829.89000000,138824.94060000
2023-05-28,1829.89000000,1918.65000000,1823.60000000,1908.64000000,378392.43710000
2023-05-29,1908.64000000,1927.62000000,1873.65000000,1892.60000000,313593.49420000
2023-05-30,1892.60000000,1917.00000000,1881.19000000,1900.59000000,272665.84020000
2023-05-31,1900.58000000,1907.13000000,1846.95000000,1873.63000000,319255.56810000
2023-06-01,1873.63000000,1889.20000000,1840.00000000,1861.78000000,270496.60970000
2023-06-02,1861.78000000,1910.00000000,1847.51000000,1906.68000000,313004.06580000
2023-06-03,1906.69000000,1907.92000000,1881.60000000,1892.06000000,148818.24270000
2023-06-04,1892.05000000,1914.63000000,1884.22000000,1890.01000000,172683.01190000
2023-06-05,1890.00000000,1890.63000000,1778.00000000,1810.50000000,555361.26830000
2023-06-06,1810.49000000,1898.29000000,1797.18000000,1884.64000000,491407.21740000
2023-06-07,1884.65000000,1897.80000000,1821.18000000,1832.13000000,429196.70640000
2023-06-08,1832.12000000,1861.28000000,1828.31000000,1845.64000000,189270.48530000
2023-06-09,1845.65000000,1855.00000000,1827.00000000,1840.37000000,198324.32520000
2023-06-10,1840.37000000,1844.99000000,1715.03000000,1751.53000000,652324.66950000
2023-06-11,1751.52000000,1778.25000000,1738.72000000,1752.76000000,219956.24340000
2023-06-12,1752.77000000,1759.33000000,1720.00000000,1742.57000000,302132.48190000
2023-06-13,1742.57000000,1770.13000000,1724.22000000,1740.12000000,284268.00180000
2023-06-14,1740.12000000,1750.03000000,1630.43000000,1650.95000000,415847.32700000
2023-06-15,1650.95000000,1680.91000000,1626.01000000,1666.96000000,370774.76960000
2023-06-16,1666.96000000,1729.50000000,1649.86000000,1717.92000000,311734.59040000
2023-06-17,1717.91000000,1770.00000000,1714.26000000,1727.76000000,210914.92160000
2023-06-18,1727.75000000,1747.84000000,1712.00000000,1720.95000000,156535.01280000
2023-06-19,1720.95000000,1752.19000000,1698.00000000,1737.11000000,245162.75890000
2023-06-20,1737.10000000,1796.99000000,1714.72000000,1791.99000000,328855.68460000
2023-06-21,1791.99000000,1901.00000000,1787.38000000,1889.11000000,613755.88690000
2023-06-22,1889.10000000,1933.17000000,1865.98000000,1872.01000000,416714.57190000
2023-06-23,1872.00000000,1936.42000000,1861.01000000,1892.63000000,401147.93240000
2023-06-24,1892.63000000,1906.00000000,1864.77000000,1874.96000000,226910.29410000
2023-06-25,1874.95000000,1930.00000000,1868.83000000,1898.80000000,338757.61580000
2023-06-26,1898.80000000,1909.10000000,1837.18000000,1858.97000000,458743.86100000
2023-06-27,1858.97000000,1912.53000000,1855.19000000,1889.58000000,366634.57070000
2023-06-28,1889.58000000,1890.19000000,1816.56000000,1828.02000000,337836.57920000
2023-06-29,1828.03000000,1880.00000000,1827.84000000,1851.99000000,241844.82810000
2023-06-30,1851.99000000,1948.60000000,1825.01000000,1933.79000000,716538.10350000
2023-07-01,1933.80000000,1944.56000000,1909.44000000,1924.50000000,178373.36880000
2023-07-02,1924.50000000,1959.20000000,1885.75000000,1937.48000000,255852.78320000
2023-07-03,1937.49000000,1976.16000000,1933.55000000,1955.54000000,322102.42950000
2023-07-04,1955.55000000,1967.08000000,1931.58000000,1936.20000000,205525.09840000
2023-07-05,1936.19000000,1942.50000000,1894.51000000,1910.36000000,267633.47830000
2023-07-06,1910.35000000,1958.00000000,1846.00000000,1846.17000000,456362.74100000
2023-07-07,1846.17000000,1878.00000000,1826.00000000,1870.91000000,232944.34660000
2023-07-08,1870.92000000,1876.00000000,1842.80000000,1865.24000000,125819.82730000
2023-07-09,1865.24000000,1879.36000000,1856.15000000,1862.80000000,135046.37430000
2023-07-10,1862.81000000,1905.50000000,1846.63000000,1880.40000000,247868.14940000
2023-07-11,1880.41000000,1891.99000000,1862.38000000,1878.30000000,177771.61170000
2023-07-12,1878.31000000,1902.00000000,1864.37000000,1871.82000000,264406.86730000
2023-07-13,1871.82000000,2012.63000000,1862.59000000,2004.49000000,548861.42070000
2023-07-14,2004.49000000,2029.11000000,1898.39000000,1937.83000000,498724.03590000
2023-07-15,1937.82000000,1946.37000000,1926.23000000,1931.41000000,135181.76630000
2023-07-16,1931.41000000,1943.55000000,1914.00000000,1922.11000000,148667.10510000
2023-07-17,1922.12000000,1936.18000000,1873.26000000,1911.20000000,277159.03490000
2023-07-18,1911.21000000,1917.19000000,1875.73000000,1897.21000000,215780.50060000
2023-07-19,1897.21000000,1922.04000000,1882.17000000,1888.63000000,218045.00050000
2023-07-20,1888.64000000,1929.05000000,1878.00000000,1891.59000000,292907.51640000
2023-07-21,1891.59000000,1905.74000000,1884.64000000,1891.73000000,165554.04280000
2023-07-22,1891.73000000,1897.35000000,1851.18000000,1866.52000000,131901.64870000
2023-07-23,1866.52000000,1905.25000000,1857.82000000,1888.73000000,153501.01780000
2023-07-24,1888.74000000,1890.86000000,1833.19000000,1850.00000000,276504.55470000
2023-07-25,1850.00000000,1868.71000000,1845.45000000,1857.66000000,152251.21000000
2023-07-26,1857.66000000,1888.00000000,1848.35000000,1872.00000000,272090.53330000
2023-07-27,1871.99000000,1886.11000000,1854.84000000,1861.28000000,163766.42590000
2023-07-28,1861.29000000,1883.39000000,1856.52000000,1874.19000000,138695.71470000
2023-07-29,1874.20000000,1886.58000000,1869.54000000,1880.46000000,72867.02690000
2023-07-30,1880.45000000,1885.30000000,1848.17000000,1861.79000000,158657.59020000
2023-07-31,1861.79000000,1877.40000000,1851.02000000,1856.14000000,168204.45340000
2023-08-01,1856.13000000,1875.62000000,1813.80000000,1873.47000000,358476.09660000
2023-08-02,1873.48000000,1879.74000000,1821.21000000,1839.90000000,254213.05530000
2023-08-03,1839.90000000,1859.12000000,1826.00000000,1835.81000000,171148.05200000
2023-08-04,1835.81000000,1851.31000000,1815.74000000,1830.23000000,187699.45520000
2023-08-05,1830.24000000,1839.00000000,1827.50000000,1836.48000000,93657.32550000
2023-08-06,1836.48000000,1838.58000000,1825.86000000,1830.28000000,90403.99150000
2023-08-07,1830.28000000,1847.00000000,1802.00000000,1829.10000000,224092.90590000
2023-08-08,1829.10000000,1876.51000000,1826.33000000,1856.30000000,236336.03000000
2023-08-09,1856.30000000,1871.99000000,1846.28000000,1855.35000000,191926.83430000
2023-08-10,1855.36000000,1865.95000000,1845.38000000,1852.47000000,127321.45530000
2023-08-11,1852.47000000,1857.26000000,1838.05000000,1848.84000000,113209.31030000
2023-08-12,1848.84000000,1854.01000000,1846.08000000,1849.93000000,63292.64760000
2023-08-13,1849.94000000,1862.00000000,1834.51000000,1840.73000000,120674.13640000
2023-08-14,1840.73000000,1856.50000000,1835.00000000,1845.50000000,150196.12030000
2023-08-15,1845.50000000,1847.36000000,1814.00000000,1828.98000000,186081.69890000
2023-08-16,1828.98000000,1831.52000000,1798.17000000,1807.81000000,205430.73680000
2023-08-17,1807.81000000,1809.99000000,1550.00000000,1681.49000000,812138.21590000
2023-08-18,1681.49000000,1699.40000000,1641.02000000,1661.59000000,538083.10180000
2023-08-19,1661.60000000,1696.72000000,1654.31000000,1669.67000000,231919.04850000
2023-08-20,1669.68000000,1694.75000000,1662.03000000,1685.24000000,195623.52630000
2023-08-21,1685.23000000,1688.59000000,1649.40000000,1667.55000000,250835.15180000
2023-08-22,1667.56000000,1669.38000000,1580.00000000,1634.99000000,402012.04500000
2023-08-23,1635.00000000,1702.11000000,1629.05000000,1679.61000000,374761.10880000
2023-08-24,1679.61000000,1683.37000000,1635.28000000,1661.16000000,231539.78050000
2023-08-25,1661.16000000,1677.22000000,1635.51000000,1653.80000000,236261.68980000
2023-08-26,1653.79000000,1655.59000000,1644.00000000,1647.04000000,79175.42500000
2023-08-27,1647.03000000,1660.24000000,1646.32000000,1658.33000000,87789.91960000
2023-08-28,1658.33000000,1664.34000000,1621.75000000,1653.08000000,214351.01430000
2023-08-29,1653.08000000,1745.84000000,1640.00000000,1729.42000000,494371.08230000
2023-08-30,1729.41000000,1730.93000000,1694.34000000,1705.23000000,202841.44020000
2023-08-31,1705.23000000,1729.00000000,1630.00000000,1645.76000000,330518.26680000
2023-09-01,1645.77000000,1654.53000000,1602.33000000,1629.12000000,302406.16860000
2023-09-02,1629.13000000,1645.00000000,1628.03000000,1637.03000000,102145.94760000
2023-09-03,1637.02000000,1647.50000000,1625.14000000,1635.84000000,116767.28620000
2023-09-04,1635.84000000,1644.82000000,1616.32000000,1630.51000000,168010.90560000
2023-09-05,1630.52000000,1648.02000000,1609.69000000,1634.45000000,204365.49070000
2023-09-06,1634.46000000,1670.00000000,1609.20000000,1633.15000000,219541.01930000
2023-09-07,1633.15000000,1660.00000000,1623.40000000,1648.11000000,228558.27820000
2023-09-08,1648.11000000,1658.93000000,1616.21000000,1636.44000000,221570.04580000
2023-09-09,1636.43000000,1637.52000000,1629.74000000,1635.54000000,58519.62290000
2023-09-10,1635.53000000,1635.70000000,1600.00000000,1617.42000000,207957.84280000
2023-09-11,1617.42000000,1619.00000000,1531.01000000,1551.85000000,417424.81890000
2023-09-12,1551.84000000,1626.00000000,1549.67000000,1592.97000000,329739.96850000
2023-09-13,1592.97000000,1619.30000000,1581.88000000,1607.62000000,223409.28890000
2023-09-14,1607.61000000,1644.29000000,1607.05000000,1626.47000000,275301.15050000
2023-09-15,1626.48000000,1654.08000000,1611.42000000,1641.29000000,181340.02400000
2023-09-16,1641.30000000,1653.17000000,1631.31000000,1634.40000000,99555.46710000
2023-09-17,1634.40000000,1635.00000000,1612.00000000,1622.48000000,120227.41170000
2023-09-18,1622.48000000,1669.50000000,1603.88000000,1636.66000000,279041.69780000
2023-09-19,1636.66000000,1661.04000000,1626.32000000,1643.12000000,184282.42580000
2023-09-20,1643.13000000,1649.34000000,1604.51000000,1622.26000000,232844.23470000
2023-09-21,1622.27000000,1625.30000000,1567.77000000,1583.94000000,240627.54400000
2023-09-22,1583.94000000,1602.68000000,1576.58000000,1593.08000000,124886.09100000
2023-09-23,1593.07000000,1598.24000000,1587.45000000,1593.86000000,64537.13410000
2023-09-24,1593.85000000,1601.12000000,1570.01000000,1580.71000000,137517.85330000
2023-09-25,1580.71000000,1597.50000000,1563.01000000,1588.33000000,176706.92770000
2023-09-26,1588.34000000,1599.78000000,1580.05000000,1594.01000000,125583.01610000
2023-09-27,1594.02000000,1634.10000000,1583.50000000,1598.64000000,274404.43280000
2023-09-28,1598.63000000,1668.21000000,1598.14000000,1652.99000000,331409.70150000
2023-09-29,1653.00000000,1688.00000000,1648.37000000,1667.45000000,251975.67280000
2023-09-30,1667.45000000,1694.32000000,1666.19000000,1670.89000000,136924.91410000
2023-10-01,1670.89000000,1751.00000000,1668.00000000,1733.79000000,225611.58680000
2023-10-02,1733.80000000,1744.00000000,1636.79000000,1662.40000000,378575.68980000
2023-10-03,1662.41000000,1670.65000000,1643.00000000,1656.88000000,198287.11640000
2023-10-04,1656.88000000,1657.66000000,1625.00000000,1646.58000000,222861.71670000
2023-10-05,1646.58000000,1655.47000000,1606.73000000,1611.79000000,237378.74490000
2023-10-06,1611.79000000,1662.00000000,1611.68000000,1645.03000000,220507.92860000
2023-10-07,1645.03000000,1647.71000000,1630.03000000,1633.57000000,101241.57320000
2023-10-08,1633.56000000,1641.40000000,1616.17000000,1632.84000000,149424.66350000
2023-10-09,1632.85000000,1636.00000000,1546.00000000,1580.13000000,340141.09880000
2023-10-10,1580.13000000,1594.90000000,1550.55000000,1567.63000000,240659.32870000
2023-10-11,1567.62000000,1578.43000000,1544.26000000,1566.87000000,260253.96710000
2023-10-12,1566.86000000,1568.56000000,1521.00000000,1539.61000000,237221.49770000
2023-10-13,1539.61000000,1575.36000000,1537.76000000,1552.16000000,192205.87360000
2023-10-14,1552.16000000,1561.72000000,1544.55000000,1554.94000000,100314.67540000
2023-10-15,1554.94000000,1567.62000000,1547.44000000,1557.77000000,120311.27380000
2023-10-16,1557.78000000,1639.43000000,1555.06000000,1599.42000000,418510.86440000
2023-10-17,1599.41000000,1600.53000000,1551.08000000,1565.01000000,234817.06990000
2023-10-18,1565.01000000,1585.42000000,1555.88000000,1563.44000000,177750.22530000
2023-10-19,1563.45000000,1574.45000000,1541.61000000,1566.57000000,216217.66750000
2023-10-20,1566.57000000,1630.40000000,1561.19000000,1603.89000000,315995.79200000
2023-10-21,1603.88000000,1644.53000000,1592.36000000,1628.94000000,176419.40920000
2023-10-22,1628.94000000,1667.80000000,1621.10000000,1663.70000000,228650.92250000
2023-10-23,1663.69000000,1800.00000000,1657.07000000,1765.46000000,610931.96630000
2023-10-24,1765.47000000,1854.38000000,1756.21000000,1784.98000000,674055.13750000
2023-10-25,1784.98000000,1817.69000000,1760.00000000,1787.15000000,354410.82940000
2023-10-26,1787.15000000,1865.54000000,1762.21000000,1803.38000000,431169.04530000
2023-10-27,1803.39000000,1803.91000000,1744.66000000,1779.40000000,274532.69210000
2023-10-28,1779.41000000,1803.23000000,1770.00000000,1776.20000000,122919.73820000
2023-10-29,1776.21000000,1811.30000000,1762.66000000,1795.14000000,144110.65080000
2023-10-30,1795.14000000,1829.84000000,1777.77000000,1809.04000000,277686.19200000
2023-10-31,1809.03000000,1819.41000000,1780.99000000,1814.67000000,258074.57960000
2023-11-01,1814.67000000,1857.66000000,1783.19000000,1846.99000000,471921.61840000
2023-11-02,1846.99000000,1875.00000000,1785.01000000,1800.80000000,368738.21930000
2023-11-03,1800.79000000,1834.58000000,1777.11000000,1832.71000000,315000.26780000
2023-11-04,1832.70000000,1869.90000000,1824.03000000,1855.54000000,171538.03640000
2023-11-05,1855.54000000,1912.67000000,1846.11000000,1891.71000000,383106.76280000
2023-11-06,1891.71000000,1914.23000000,1868.48000000,1900.95000000,328746.23940000
2023-11-07,1900.95000000,1906.99000000,1850.32000000,1885.27000000,332419.44060000
2023-11-08,1885.26000000,1904.69000000,1872.51000000,1888.12000000,247881.09970000
2023-11-09,1888.11000000,2132.00000000,1882.07000000,2121.32000000,1100330.32370000
2023-11-10,2121.33000000,2136.99000000,2064.61000000,2077.72000000,555573.64950000
2023-11-11,2077.72000000,2089.60000000,2030.30000000,2053.17000000,370966.03720000
2023-11-12,2053.16000000,2066.50000000,2012.10000000,2044.68000000,281907.55900000
2023-11-13,2044.69000000,2118.00000000,2028.49000000,2053.65000000,529143.58150000
2023-11-14,2053.65000000,2064.96000000,1936.60000000,1979.39000000,481909.73300000
2023-11-15,1979.40000000,2062.40000000,1967.01000000,2058.48000000,421870.80320000
2023-11-16,2058.49000000,2090.40000000,1939.10000000,1961.77000000,545286.12970000
2023-11-17,1961.77000000,1991.50000000,1904.00000000,1960.82000000,401100.50690000
2023-11-18,1960.82000000,1971.22000000,1916.00000000,1962.60000000,279368.22080000
2023-11-19,1962.59000000,2015.75000000,1942.89000000,2011.47000000,251132.61920000
2023-11-20,2011.47000000,2066.40000000,1990.00000000,2021.40000000,421717.67900000
2023-11-21,2021.41000000,2034.60000000,1931.43000000,1933.01000000,490163.98630000
2023-11-22,1933.01000000,2092.46000000,1928.41000000,2063.21000000,466120.51090000
2023-11-23,2063.22000000,2088.94000000,2040.35000000,2062.20000000,250960.69580000
2023-11-24,2062.21000000,2133.02000000,2059.37000000,2080.84000000,426932.54020000
2023-11-25,2080.84000000,2090.54000000,2065.30000000,2083.09000000,138847.39300000
2023-11-26,2083.10000000,2094.99000000,2036.42000000,2062.33000000,241262.91360000
2023-11-27,2062.34000000,2071.24000000,1985.78000000,2027.50000000,326073.22980000
2023-11-28,2027.50000000,2075.00000000,1995.15000000,2048.14000000,283775.92790000
2023-11-29,2048.14000000,2075.70000000,2019.31000000,2028.81000000,254843.73190000
2023-11-30,2028.80000000,2054.75000000,2020.85000000,2051.96000000,243680.09210000
2023-12-01,2051.95000000,2110.87000000,2045.04000000,2087.24000000,372645.58600000
2023-12-02,2087.24000000,2186.60000000,2086.25000000,2164.74000000,320979.97680000
2023-12-03,2164.75000000,2217.27000000,2149.00000000,2192.95000000,257879.11360000
2023-12-04,2192.96000000,2274.28000000,2191.00000000,2243.37000000,565307.71340000
2023-12-05,2243.36000000,2309.72000000,2188.33000000,2293.33000000,529829.72140000
2023-12-06,2293.33000000,2312.23000000,2220.00000000,2232.70000000,408338.90560000
2023-12-07,2232.70000000,2382.80000000,2222.00000000,2355.73000000,485190.06090000
2023-12-08,2355.74000000,2392.00000000,2336.34000000,2358.72000000,378569.81260000
2023-12-09,2358.71000000,2403.00000000,2328.01000000,2340.49000000,287771.06640000
2023-12-10,2340.48000000,2377.47000000,2320.00000000,2352.39000000,200037.21020000
2023-12-11,2352.39000000,2355.00000000,2156.62000000,2225.12000000,640414.91660000
2023-12-12,2225.11000000,2244.12000000,2166.00000000,2203.46000000,361588.90870000
2023-12-13,2203.47000000,2284.02000000,2144.32000000,2260.16000000,418916.61540000
2023-12-14,2260.16000000,2332.11000000,2228.20000000,2315.32000000,409508.09310000
2023-12-15,2315.32000000,2317.81000000,2200.00000000,2220.50000000,333552.63280000
2023-12-16,2220.51000000,2263.40000000,2210.00000000,2228.96000000,199285.92300000
2023-12-17,2228.96000000,2248.68000000,2191.50000000,2196.52000000,225925.76750000
2023-12-18,2196.53000000,2224.00000000,2116.60000000,2219.43000000,364103.11810000
2023-12-19,2219.44000000,2255.00000000,2135.55000000,2177.91000000,383551.40490000
2023-12-20,2177.90000000,2266.00000000,2156.00000000,2202.17000000,416841.62720000
2023-12-21,2202.17000000,2279.31000000,2182.98000000,2239.61000000,453069.72520000
2023-12-22,2239.60000000,2343.15000000,2230.59000000,2324.54000000,591357.48800000
2023-12-23,2324.54000000,2330.65000000,2265.00000000,2308.20000000,255626.93520000
2023-12-24,2308.20000000,2326.19000000,2245.00000000,2264.05000000,307951.07600000
2023-12-25,2264.04000000,2304.80000000,2253.10000000,2271.35000000,286277.16160000
2023-12-26,2271.36000000,2274.99000000,2178.45000000,2230.88000000,410413.15910000
2023-12-27,2230.88000000,2392.44000000,2211.88000000,2378.35000000,541537.35740000
2023-12-28,2378.35000000,2445.80000000,2335.00000000,2344.15000000,580459.98200000
2023-12-29,2344.15000000,2385.41000000,2255.34000000,2299.20000000,450201.20690000
2023-12-30,2299.20000000,2322.84000000,2268.00000000,2291.68000000,210539.13270000
2023-12-31,2291.68000000,2321.34000000,2258.88000000,2281.87000000,222175.87790000
2024-01-01,2281.87000000,2352.37000000,2265.24000000,2352.04000000,216702.69140000
2024-01-02,2352.05000000,2431.30000000,2341.00000000,2355.34000000,458041.66420000
2024-01-03,2355.35000000,2385.45000000,2100.00000000,2209.72000000,798729.48690000
2024-01-04,2209.72000000,2294.69000000,2201.91000000,2267.11000000,448844.05500000
2024-01-05,2267.11000000,2277.21000000,2206.17000000,2268.78000000,405568.00060000
2024-01-06,2268.78000000,2270.00000000,2216.40000000,2240.78000000,194067.86560000
2024-01-07,2240.77000000,2258.01000000,2203.46000000,2221.42000000,207138.69270000
2024-01-08,2221.42000000,2358.20000000,2166.38000000,2330.44000000,539407.55470000
2024-01-09,2330.43000000,2371.72000000,2226.78000000,2344.29000000,551454.99310000
2024-01-10,2344.30000000,2643.10000000,2339.59000000,2584.38000000,1038388.66600000
2024-01-11,2584.37000000,2689.39000000,2566.01000000,2618.01000000,838712.25770000
2024-01-12,2618.01000000,2717.32000000,2458.00000000,2522.54000000,887457.76270000
2024-01-13,2522.55000000,2590.00000000,2497.50000000,2578.19000000,422061.23200000
2024-01-14,2578.18000000,2578.69000000,2470.00000000,2472.87000000,306207.74630000
2024-01-15,2472.87000000,2553.82000000,2470.92000000,2511.78000000,315247.88190000
2024-01-16,2511.79000000,2614.43000000,2500.05000000,2587.40000000,381077.62470000
2024-01-17,2587.41000000,2592.97000000,2506.75000000,2530.19000000,366281.34770000
2024-01-18,2530.20000000,2550.00000000,2428.56000000,2470.81000000,452090.10740000
2024-01-19,2470.81000000,2504.20000000,2415.20000000,2492.00000000,424209.00290000
2024-01-20,2491.99000000,2492.00000000,2454.20000000,2472.01000000,136620.95770000
2024-01-21,2472.02000000,2482.18000000,2452.13000000,2457.05000000,122572.16870000
2024-01-22,2457.06000000,2466.10000000,2303.59000000,2314.20000000,526337.64920000
2024-01-23,2314.19000000,2352.23000000,2168.07000000,2242.60000000,700105.33140000
2024-01-24,2242.60000000,2264.60000000,2196.12000000,2235.02000000,359851.14960000
2024-01-25,2235.02000000,2242.89000000,2171.30000000,2218.64000000,330426.60610000
2024-01-26,2218.64000000,2282.36000000,2195.84000000,2267.68000000,363566.42550000
2024-01-27,2267.67000000,2282.94000000,2251.40000000,2267.94000000,145109.38360000
2024-01-28,2267.94000000,2308.24000000,2239.89000000,2256.90000000,209326.90870000
2024-01-29,2256.90000000,2322.34000000,2233.80000000,2317.60000000,305528.07760000
2024-01-30,2317.61000000,2391.98000000,2297.00000000,2343.01000000,372879.57910000
2024-01-31,2343.00000000,2351.60000000,2263.57000000,2283.14000000,397116.18590000
2024-02-01,2283.15000000,2311.72000000,2240.00000000,2304.28000000,310997.45380000
2024-02-02,2304.28000000,2324.74000000,2281.94000000,2309.06000000,238230.51100000
2024-02-03,2309.07000000,2329.98000000,2292.75000000,2296.49000000,133232.84500000
2024-02-04,2296.50000000,2311.00000000,2266.00000000,2289.79000000,171232.04440000
2024-02-05,2289.79000000,2338.41000000,2269.11000000,2301.83000000,236610.41200000
2024-02-06,2301.84000000,2392.40000000,2299.00000000,2372.64000000,368942.74980000
2024-02-07,2372.63000000,2444.44000000,2354.00000000,2425.10000000,342791.70130000
2024-02-08,2425.09000000,2463.15000000,2411.01000000,2419.55000000,338040.05390000
2024-02-09,2419.56000000,2525.00000000,2419.16000000,2486.56000000,492384.38500000
2024-02-10,2486.56000000,2516.45000000,2471.57000000,2500.24000000,185099.59000000
2024-02-11,2500.24000000,2539.63000000,2493.45000000,2507.21000000,219975.14710000
2024-02-12,2507.22000000,2665.58000000,2472.00000000,2659.99000000,449501.77600000
2024-02-13,2659.99000000,2686.12000000,2590.00000000,2639.99000000,502447.74500000
2024-02-14,2639.99000000,2786.00000000,2618.40000000,2774.81000000,461670.69440000
2024-02-15,2774.80000000,2867.65000000,2759.25000000,2822.59000000,481689.18740000
2024-02-16,2822.58000000,2857.40000000,2740.00000000,2801.80000000,378070.80370000
2024-02-17,2801.81000000,2804.21000000,2719.01000000,2785.93000000,243302.87590000
2024-02-18,2785.92000000,2895.00000000,2764.25000000,2881.20000000,367987.88330000
2024-02-19,2881.20000000,2984.52000000,2856.93000000,2944.80000000,446451.04010000
2024-02-20,2944.80000000,3033.09000000,2874.56000000,3014.81000000,634681.74710000
2024-02-21,3014.81000000,3017.15000000,2868.00000000,2967.90000000,595955.00330000
2024-02-22,2967.91000000,3036.02000000,2906.51000000,2971.40000000,563525.99360000
2024-02-23,2971.40000000,2993.80000000,2906.05000000,2922.24000000,428826.57870000
2024-02-24,2922.25000000,3007.48000000,2906.40000000,2992.62000000,243854.07830000
2024-02-25,2992.62000000,3122.00000000,2983.61000000,3112.59000000,412306.22370000
2024-02-26,3112.60000000,3196.00000000,3036.59000000,3175.94000000,546722.77470000
2024-02-27,3175.95000000,3288.14000000,3160.02000000,3242.36000000,625939.12210000
2024-02-28,3242.35000000,3488.00000000,3176.16000000,3383.10000000,947538.76600000
2024-02-29,3383.11000000,3522.81000000,3300.00000000,3340.09000000,759698.11230000
2024-03-01,3340.10000000,3450.00000000,3338.54000000,3433.43000000,412788.57730000
2024-03-02,3433.42000000,3460.04000000,3390.01000000,3421.40000000,283984.94480000
2024-03-03,3421.39000000,3491.80000000,3360.00000000,3487.81000000,341631.53100000
2024-03-04,3487.80000000,3640.94000000,3423.78000000,3627.76000000,715360.63610000
2024-03-05,3627.75000000,3822.04000000,3200.00000000,3553.65000000,1392904.86400000
2024-03-06,3553.66000000,3900.00000000,3499.40000000,3818.59000000,969494.71000000
2024-03-07,3818.58000000,3933.81000000,3735.00000000,3868.76000000,540780.67500000
2024-03-08,3868.76000000,3993.75000000,3820.00000000,3883.36000000,646399.25890000
2024-03-09,3883.37000000,3942.00000000,3870.01000000,3905.21000000,254839.13860000
2024-03-10,3905.20000000,3964.67000000,3791.26000000,3878.47000000,356664.68000000
2024-03-11,3878.47000000,4086.23000000,3722.95000000,4064.80000000,721554.51390000
2024-03-12,4064.80000000,4093.92000000,3828.98000000,3979.96000000,632787.39410000
2024-03-13,3979.97000000,4083.00000000,3932.23000000,4004.79000000,482305.77660000
2024-03-14,4004.79000000,4010.98000000,3723.00000000,3881.70000000,648237.52450000
2024-03-15,3881.69000000,3934.02000000,3570.00000000,3742.19000000,947537.40710000
2024-03-16,3742.19000000,3781.12000000,3468.80000000,3523.09000000,548288.15690000
2024-03-17,3523.09000000,3678.68000000,3412.00000000,3644.71000000,517790.99360000
2024-03-18,3644.70000000,3645.02000000,3454.09000000,3520.46000000,570901.28510000
2024-03-19,3520.47000000,3548.09000000,3150.88000000,3158.64000000,1049629.69360000
2024-03-20,3158.65000000,3535.24000000,3056.56000000,3516.53000000,1207322.82010000
2024-03-21,3516.53000000,3587.32000000,3412.00000000,3492.85000000,602755.20720000
2024-03-22,3492.84000000,3542.52000000,3250.00000000,3336.35000000,558848.88800000
2024-03-23,3336.35000000,3435.48000000,3270.08000000,3329.53000000,323675.94480000
2024-03-24,3329.53000000,3471.22000000,3298.76000000,3454.98000000,260824.14080000
2024-03-25,3454.99000000,3666.00000000,3420.12000000,3590.42000000,548577.69420000
2024-03-26,3590.43000000,3678.86000000,3542.62000000,3587.33000000,499013.83840000
2024-03-27,3587.32000000,3665.84000000,3460.02000000,3501.19000000,443195.32970000
2024-03-28,3501.20000000,3611.78000000,3465.00000000,3560.49000000,404654.03110000
2024-03-29,3560.49000000,3584.37000000,3445.91000000,3509.74000000,323086.17900000
2024-03-30,3509.74000000,3565.81000000,3485.00000000,3505.64000000,216025.26340000
2024-03-31,3505.65000000,3655.32000000,3505.09000000,3645.29000000,243464.98770000
2024-04-01,3645.29000000,3645.95000000,3413.71000000,3503.80000000,408854.12250000
2024-04-02,3503.80000000,3505.60000000,3212.00000000,3278.96000000,623264.64760000
2024-04-03,3278.96000000,3367.40000000,3202.79000000,3310.83000000,410484.19330000
2024-04-04,3310.83000000,3443.93000000,3250.92000000,3327.40000000,356338.57160000
2024-04-05,3327.39000000,3350.00000000,3210.00000000,3317.85000000,344556.79830000
2024-04-06,3317.85000000,3398.42000000,3306.68000000,3351.59000000,183312.21250000
2024-04-07,3351.59000000,3459.94000000,3344.08000000,3454.20000000,210459.07520000
2024-04-08,3454.20000000,3730.71000000,3406.36000000,3694.61000000,496841.35320000
2024-04-09,3694.61000000,3727.34000000,3450.46000000,3506.39000000,457592.25200000
2024-04-10,3506.40000000,3562.95000000,3411.82000000,3545.64000000,389404.90550000
2024-04-11,3545.64000000,3618.30000000,3474.52000000,3502.52000000,338139.55340000
2024-04-12,3502.52000000,3552.40000000,3100.00000000,3237.43000000,697327.11740000
2024-04-13,3237.42000000,3301.90000000,2852.00000000,3007.01000000,994971.23540000
2024-04-14,3007.01000000,3174.23000000,2906.73000000,3155.11000000,737580.46660000
2024-04-15,3155.11000000,3277.85000000,3023.19000000,3101.99000000,605430.88630000
2024-04-16,3102.00000000,3128.01000000,2986.00000000,3084.22000000,526113.85500000
2024-04-17,3084.21000000,3123.75000000,2914.47000000,2985.41000000,491897.56610000
2024-04-18,2985.41000000,3094.40000000,2950.98000000,3064.40000000,389060.71330000
2024-04-19,3064.40000000,3128.89000000,2865.18000000,3056.46000000,607850.40190000
2024-04-20,3056.45000000,3171.88000000,3018.75000000,3155.79000000,242577.63710000
2024-04-21,3155.79000000,3197.18000000,3116.49000000,3147.67000000,219970.50720000
2024-04-22,3147.66000000,3235.00000000,3129.15000000,3200.20000000,290879.95690000
2024-04-23,3200.19000000,3263.61000000,3152.00000000,3219.46000000,253914.22630000
2024-04-24,3219.46000000,3293.56000000,3104.90000000,3140.80000000,393314.34140000
2024-04-25,3140.79000000,3191.64000000,3072.20000000,3155.80000000,352288.55020000
2024-04-26,3155.81000000,3167.70000000,3102.00000000,3131.30000000,252522.65500000
2024-04-27,3131.30000000,3285.00000000,3066.74000000,3255.56000000,323811.19190000
2024-04-28,3255.55000000,3357.40000000,3250.45000000,3263.45000000,304766.00900000
2024-04-29,3263.44000000,3286.95000000,3115.13000000,3216.73000000,421831.29120000
2024-04-30,3216.74000000,3250.95000000,2921.00000000,3014.05000000,561717.48660000
2024-05-01,3014.04000000,3023.24000000,2817.00000000,2972.46000000,624963.77730000
2024-05-02,2972.46000000,3016.72000000,2893.26000000,2986.19000000,365939.71910000
2024-05-03,2986.19000000,3126.99000000,2958.32000000,3102.61000000,355825.83910000
2024-05-04,3102.61000000,3168.00000000,3092.85000000,3117.23000000,196263.94880000
2024-05-05,3117.24000000,3171.93000000,3072.99000000,3136.41000000,218760.26620000
2024-05-06,3136.40000000,3221.40000000,3046.35000000,3062.60000000,355135.30270000
2024-05-07,3062.59000000,3129.85000000,2998.00000000,3005.69000000,298796.68290000
2024-05-08,3005.69000000,3038.15000000,2936.48000000,2974.21000000,266934.81250000
2024-05-09,2974.20000000,3059.00000000,2950.77000000,3036.23000000,238561.74620000
2024-05-10,3036.24000000,3053.89000000,2878.03000000,2909.99000000,327855.87580000
2024-05-11,2909.98000000,2945.67000000,2886.46000000,2912.45000000,138163.10870000
2024-05-12,2912.45000000,2955.20000000,2901.17000000,2929.29000000,107670.63230000
2024-05-13,2929.30000000,2996.40000000,2864.76000000,2950.99000000,368664.76480000
2024-05-14,2950.99000000,2960.60000000,2862.00000000,2881.93000000,269675.30370000
2024-05-15,2881.93000000,3041.36000000,2863.75000000,3032.55000000,350254.31880000
2024-05-16,3032.55000000,3041.24000000,2922.80000000,2944.70000000,293874.15130000
2024-05-17,2944.70000000,3120.00000000,2933.06000000,3092.01000000,357724.77310000
2024-05-18,3092.00000000,3146.98000000,3083.61000000,3122.94000000,199976.54560000
2024-05-19,3122.94000000,3136.64000000,3053.38000000,3071.19000000,166145.01020000
2024-05-20,3071.20000000,3694.00000000,3047.67000000,3661.78000000,847107.88280000
2024-05-21,3661.79000000,3841.54000000,3624.28000000,3789.60000000,952437.26940000
2024-05-22,3789.59000000,3813.69000000,3653.15000000,3737.73000000,574938.30990000
2024-05-23,3737.72000000,3949.29000000,3498.00000000,3783.61000000,1127866.07600000
2024-05-24,3783.60000000,3829.61000000,3626.10000000,3728.28000000,479418.43180000
2024-05-25,3728.28000000,3779.43000000,3709.03000000,3749.26000000,158711.89920000
2024-05-26,3749.25000000,3884.20000000,3731.17000000,3826.47000000,292208.29370000
2024-05-27,3826.47000000,3977.00000000,3823.37000000,3894.22000000,363717.64730000
2024-05-28,3894.21000000,3931.09000000,3773.90000000,3844.69000000,416249.83440000
2024-05-29,3844.69000000,3888.55000000,3742.59000000,3767.43000000,334759.63480000
2024-05-30,3767.44000000,3825.35000000,3702.58000000,3747.91000000,277034.28940000
2024-05-31,3747.90000000,3849.94000000,3723.75000000,3762.29000000,273406.76600000
2024-06-01,3762.29000000,3833.30000000,3752.67000000,3815.82000000,132687.20060000
2024-06-02,3815.82000000,3838.59000000,3752.62000000,3780.91000000,210295.44070000
2024-06-03,3780.92000000,3849.99000000,3758.43000000,3767.06000000,248848.70200000
2024-06-04,3767.07000000,3831.65000000,3730.00000000,3810.23000000,232063.74680000
2024-06-05,3810.23000000,3887.47000000,3777.33000000,3865.99000000,273738.60350000
2024-06-06,3866.00000000,3878.60000000,3760.00000000,3813.46000000,237504.19050000
2024-06-07,3813.47000000,3841.39000000,3600.00000000,3678.32000000,362223.35940000
2024-06-08,3678.31000000,3709.50000000,3660.08000000,3681.57000000,140550.83940000
2024-06-09,3681.58000000,3721.52000000,3666.36000000,3706.40000000,103451.10200000
2024-06-10,3706.40000000,3713.67000000,3642.74000000,3667.85000000,156363.18460000
2024-06-11,3667.85000000,3673.00000000,3432.00000000,3497.33000000,439568.59780000
2024-06-12,3497.33000000,3659.01000000,3462.07000000,3560.12000000,387043.77400000
2024-06-13,3560.13000000,3561.65000000,3428.00000000,3469.40000000,300230.82990000
2024-06-14,3469.40000000,3532.61000000,3362.26000000,3481.80000000,322316.42140000
2024-06-15,3481.80000000,3594.39000000,3473.10000000,3568.74000000,246649.58940000
2024-06-16,3568.75000000,3653.79000000,3541.05000000,3624.41000000,149839.98200000
2024-06-17,3624.41000000,3638.37000000,3463.39000000,3511.46000000,337805.64020000
2024-06-18,3511.47000000,3517.20000000,3355.00000000,3483.42000000,449913.30140000
2024-06-19,3483.42000000,3590.01000000,3465.65000000,3560.51000000,321500.00270000
2024-06-20,3560.51000000,3625.96000000,3486.00000000,3513.08000000,329117.84530000
2024-06-21,3513.08000000,3547.55000000,3446.82000000,3518.50000000,342155.10200000
2024-06-22,3518.50000000,3521.19000000,3475.09000000,3495.75000000,115774.61570000
2024-06-23,3495.76000000,3521.45000000,3406.38000000,3420.91000000,133411.43040000
2024-06-24,3420.91000000,3435.76000000,3240.00000000,3352.73000000,543370.42290000
2024-06-25,3352.74000000,3430.88000000,3336.76000000,3394.91000000,240036.22360000
2024-06-26,3394.91000000,3426.75000000,3325.01000000,3371.44000000,206949.34180000
2024-06-27,3371.77000000,3477.00000000,3361.74000000,3450.44000000,201041.66090000
2024-06-28,3450.44000000,3487.70000000,3365.22000000,3380.15000000,221634.34350000
2024-06-29,3380.15000000,3408.32000000,3371.86000000,3378.80000000,88329.76510000
2024-06-30,3378.80000000,3460.00000000,3352.66000000,3438.16000000,141221.61850000
2024-07-01,3438.16000000,3524.94000000,3423.78000000,3442.20000000,224273.21220000
2024-07-02,3442.20000000,3464.12000000,3402.00000000,3421.35000000,137932.70140000
2024-07-03,3421.35000000,3432.10000000,3251.00000000,3295.48000000,310408.45100000
2024-07-04,3295.49000000,3313.45000000,3050.34000000,3059.70000000,450402.56920000
2024-07-05,3059.70000000,3110.00000000,2810.00000000,2981.78000000,886994.37530000
2024-07-06,2981.79000000,3081.78000000,2955.06000000,3066.83000000,214487.97130000
2024-07-07,3066.83000000,3073.08000000,2922.24000000,2931.00000000,179892.76120000
2024-07-08,2930.99000000,3097.06000000,2822.80000000,3019.01000000,500445.01050000
2024-07-09,3019.01000000,3115.20000000,3004.00000000,3066.65000000,280358.14240000
2024-07-10,3066.65000000,3151.51000000,3024.00000000,3101.05000000,270827.08440000
2024-07-11,3101.06000000,3217.24000000,3054.76000000,3099.57000000,289229.32000000
2024-07-12,3099.57000000,3157.89000000,3045.58000000,3133.88000000,185745.18250000
2024-07-13,3133.89000000,3201.80000000,3113.37000000,3175.93000000,119302.47690000
2024-07-14,3175.93000000,3268.72000000,3163.67000000,3245.08000000,165430.77160000
2024-07-15,3245.20000000,3493.63000000,3233.22000000,3483.39000000,314296.84520000
2024-07-16,3483.20000000,3498.59000000,3346.55000000,3444.13000000,376128.78690000
2024-07-17,3444.14000000,3517.00000000,3376.00000000,3387.05000000,297812.51620000
2024-07-18,3387.05000000,3489.98000000,3367.20000000,3426.50000000,241950.34570000
2024-07-19,3426.49000000,3540.27000000,3377.00000000,3503.53000000,299511.64220000
2024-07-20,3503.53000000,3539.65000000,3480.00000000,3517.50000000,147510.81650000
2024-07-21,3517.50000000,3547.00000000,3411.40000000,3535.92000000,218890.96560000
2024-07-22,3535.93000000,3562.82000000,3422.34000000,3439.60000000,207859.50430000
2024-07-23,3439.61000000,3541.00000000,3389.00000000,3482.51000000,500568.78110000
2024-07-24,3482.51000000,3487.82000000,3300.00000000,3335.81000000,275479.05060000
2024-07-25,3335.82000000,3342.50000000,3087.53000000,3175.48000000,494282.63980000
2024-07-26,3175.47000000,3286.36000000,3171.00000000,3274.61000000,260237.46410000
2024-07-27,3274.60000000,3327.59000000,3191.01000000,3249.01000000,231991.90370000
2024-07-28,3249.00000000,3284.30000000,3198.11000000,3270.16000000,103529.83290000
2024-07-29,3270.16000000,3396.77000000,3258.00000000,3317.66000000,318471.50550000
2024-07-30,3317.66000000,3366.40000000,3233.18000000,3279.21000000,197277.16410000
2024-07-31,3279.20000000,3350.00000000,3213.75000000,3232.74000000,233711.33520000
2024-08-01,3232.74000000,3242.57000000,3080.02000000,3203.40000000,323285.61050000
2024-08-02,3203.40000000,3218.60000000,2967.00000000,2989.61000000,385704.03950000
2024-08-03,2989.61000000,3018.02000000,2859.00000000,2903.64000000,344595.31570000
2024-08-04,2903.65000000,2935.46000000,2630.00000000,2688.92000000,512064.26120000
2024-08-05,2688.91000000,2697.44000000,2111.00000000,2419.59000000,2670604.10030000
2024-08-06,2419.76000000,2556.23000000,2414.19000000,2461.33000000,642283.80380000
2024-08-07,2461.33000000,2551.32000000,2309.04000000,2342.80000000,630115.42280000
2024-08-08,2342.79000000,2724.10000000,2320.40000000,2682.50000000,586502.87540000
2024-08-09,2682.50000000,2707.98000000,2552.61000000,2598.78000000,406739.96110000
2024-08-10,2598.79000000,2644.70000000,2576.49000000,2609.92000000,171012.36190000
2024-08-11,2609.92000000,2720.00000000,2540.00000000,2555.38000000,297098.91450000
2024-08-12,2555.38000000,2750.00000000,2510.05000000,2722.30000000,483414.25060000
2024-08-13,2722.30000000,2738.40000000,2611.37000000,2702.44000000,325668.69640000
2024-08-14,2702.44000000,2780.00000000,2632.20000000,2661.45000000,338808.71410000
2024-08-15,2661.45000000,2675.60000000,2515.71000000,2569.89000000,356546.80590000
2024-08-16,2569.90000000,2630.97000000,2550.04000000,2592.73000000,270684.13730000
2024-08-17,2592.72000000,2629.69000000,2587.50000000,2614.51000000,89348.67600000
2024-08-18,2614.51000000,2689.16000000,2594.53000000,2612.15000000,174074.05850000
2024-08-19,2612.15000000,2648.08000000,2563.58000000,2636.36000000,224867.13360000
2024-08-20,2636.36000000,2695.00000000,2555.00000000,2572.82000000,281315.87510000
2024-08-21,2572.81000000,2663.74000000,2536.22000000,2630.71000000,245286.62180000
2024-08-22,2630.71000000,2644.69000000,2584.20000000,2622.88000000,199063.11960000
2024-08-23,2622.89000000,2799.13000000,2621.40000000,2762.48000000,401786.44470000
2024-08-24,2762.49000000,2820.00000000,2731.26000000,2768.00000000,263542.94410000
2024-08-25,2768.01000000,2792.28000000,2733.21000000,2746.13000000,154527.23520000
2024-08-26,2746.12000000,2762.00000000,2666.66000000,2680.49000000,211708.12470000
2024-08-27,2680.49000000,2699.98000000,2392.96000000,2457.33000000,412660.71970000
2024-08-28,2457.33000000,2554.60000000,2418.80000000,2528.33000000,451266.63400000
2024-08-29,2528.33000000,2595.40000000,2505.88000000,2527.61000000,237002.96320000
2024-08-30,2527.60000000,2552.17000000,2431.14000000,2526.00000000,338379.19410000
2024-08-31,2525.99000000,2533.95000000,2491.92000000,2513.01000000,97946.11470000
2024-09-01,2513.00000000,2516.28000000,2400.00000000,2425.72000000,223127.77600000
2024-09-02,2425.71000000,2564.83000000,2423.52000000,2538.01000000,262632.83850000
2024-09-03,2538.00000000,2553.60000000,2411.12000000,2425.29000000,224793.12990000
2024-09-04,2425.28000000,2490.00000000,2306.65000000,2450.71000000,384179.38540000
2024-09-05,2450.71000000,2466.00000000,2348.04000000,2368.81000000,278549.09690000
2024-09-06,2368.81000000,2408.83000000,2150.55000000,2225.23000000,643027.11100000
2024-09-07,2225.24000000,2311.27000000,2220.98000000,2273.58000000,219453.20760000
2024-09-08,2273.58000000,2333.58000000,2240.94000000,2297.30000000,192775.64930000
2024-09-09,2297.30000000,2381.41000000,2272.80000000,2359.50000000,321698.99000000
2024-09-10,2359.51000000,2400.00000000,2320.41000000,2388.52000000,224382.17290000
2024-09-11,2388.52000000,2389.32000000,2277.68000000,2340.55000000,282898.31250000
2024-09-12,2340.54000000,2391.93000000,2315.39000000,2361.76000000,202611.13080000
2024-09-13,2361.75000000,2464.82000000,2337.35000000,2439.19000000,253888.61600000
2024-09-14,2439.19000000,2440.60000000,2376.72000000,2417.79000000,122931.23020000
2024-09-15,2417.80000000,2430.32000000,2283.75000000,2316.10000000,174364.19460000
2024-09-16,2316.09000000,2335.70000000,2252.39000000,2295.68000000,330555.23200000
2024-09-17,2295.67000000,2393.63000000,2263.29000000,2341.80000000,274206.25880000
2024-09-18,2341.79000000,2376.14000000,2277.34000000,2374.75000000,292917.60080000
2024-09-19,2374.74000000,2494.95000000,2372.60000000,2465.21000000,326746.03200000
2024-09-20,2465.21000000,2571.93000000,2437.31000000,2561.40000000,340754.59120000
2024-09-21,2561.40000000,2623.34000000,2528.97000000,2612.40000000,154757.87730000
2024-09-22,2612.40000000,2632.57000000,2524.58000000,2581.00000000,214266.32570000
2024-09-23,2580.99000000,2702.82000000,2539.49000000,2646.97000000,333282.01490000
2024-09-24,2646.98000000,2670.96000000,2591.56000000,2653.20000000,288600.04020000
2024-09-25,2653.20000000,2673.50000000,2554.05000000,2579.95000000,220343.42930000
2024-09-26,2580.09000000,2666.22000000,2559.20000000,2632.26000000,278686.35730000
2024-09-27,2632.25000000,2728.60000000,2615.21000000,2694.43000000,281826.97920000
2024-09-28,2694.43000000,2704.35000000,2650.00000000,2675.21000000,137230.03420000
2024-09-29,2675.21000000,2683.70000000,2629.73000000,2657.62000000,160554.31460000
2024-09-30,2657.62000000,2663.50000000,2575.00000000,2602.23000000,282475.79610000
2024-10-01,2602.24000000,2659.00000000,2414.00000000,2447.79000000,502828.68040000
2024-10-02,2447.78000000,2499.00000000,2352.00000000,2364.10000000,317484.73500000
2024-10-03,2364.09000000,2403.38000000,2310.00000000,2349.80000000,314635.92630000
2024-10-04,2349.80000000,2441.64000000,2339.15000000,2414.41000000,239383.01700000
2024-10-05,2414.41000000,2428.23000000,2390.05000000,2414.66000000,103740.23160000
2024-10-06,2414.66000000,2457.80000000,2407.00000000,2440.03000000,105752.70960000
2024-10-07,2440.02000000,2521.00000000,2403.00000000,2422.71000000,300459.54070000
2024-10-08,2422.70000000,2466.66000000,2401.18000000,2440.89000000,201358.33120000
2024-10-09,2440.88000000,2473.61000000,2351.42000000,2370.47000000,242082.27250000
2024-10-10,2370.47000000,2421.36000000,2330.66000000,2386.49000000,257862.96190000
2024-10-11,2386.49000000,2471.45000000,2381.86000000,2439.50000000,235441.21970000
2024-10-12,2439.49000000,2490.51000000,2434.35000000,2476.40000000,139637.50620000
2024-10-13,2476.40000000,2484.92000000,2436.40000000,2468.91000000,120022.81790000
2024-10-14,2468.92000000,2654.00000000,2443.39000000,2629.79000000,435900.16190000
2024-10-15,2629.79000000,2688.60000000,2537.36000000,2607.41000000,416285.66630000
2024-10-16,2607.41000000,2647.79000000,2588.67000000,2611.10000000,260322.42420000
2024-10-17,2611.10000000,2648.37000000,2575.40000000,2605.80000000,221624.54340000
2024-10-18,2605.79000000,2675.58000000,2596.49000000,2642.17000000,292444.11530000
2024-10-19,2642.17000000,2663.49000000,2631.02000000,2648.20000000,105413.76460000
2024-10-20,2648.20000000,2759.00000000,2635.54000000,2746.91000000,256910.74480000
2024-10-21,2746.91000000,2769.48000000,2655.01000000,2666.70000000,310674.72320000
2024-10-22,2666.71000000,2671.92000000,2606.56000000,2622.81000000,265747.71300000
2024-10-23,2622.81000000,2628.20000000,2450.00000000,2524.61000000,352647.70860000
2024-10-24,2524.60000000,2562.65000000,2507.31000000,2535.82000000,290851.78420000
2024-10-25,2535.82000000,2566.33000000,2382.59000000,2440.62000000,514799.88220000
2024-10-26,2440.63000000,2508.00000000,2430.12000000,2482.51000000,248724.83130000
2024-10-27,2482.51000000,2527.99000000,2464.13000000,2507.80000000,137580.88360000
2024-10-28,2507.80000000,2589.67000000,2471.67000000,2567.48000000,360605.32700000
2024-10-29,2567.49000000,2681.86000000,2561.20000000,2638.80000000,451915.70250000
2024-10-30,2638.80000000,2722.30000000,2599.66000000,2659.19000000,460627.12600000
2024-10-31,2659.19000000,2669.00000000,2503.00000000,2518.61000000,403427.20170000
2024-11-01,2518.61000000,2586.80000000,2467.67000000,2511.49000000,430249.10730000
2024-11-02,2511.49000000,2523.45000000,2470.00000000,2494.23000000,145961.13000000
2024-11-03,2494.23000000,2496.39000000,2411.00000000,2457.73000000,276009.11970000
2024-11-04,2457.73000000,2491.39000000,2357.59000000,2398.21000000,306316.96450000
2024-11-05,2398.21000000,2480.00000000,2380.74000000,2422.55000000,331619.25450000
2024-11-06,2422.60000000,2744.70000000,2420.30000000,2721.87000000,1002141.36180000
2024-11-07,2721.88000000,2916.11000000,2699.49000000,2895.47000000,730845.95240000
2024-11-08,2895.47000000,2981.69000000,2886.40000000,2961.75000000,568864.43500000
2024-11-09,2961.75000000,3157.40000000,2953.71000000,3126.21000000,526719.42120000
2024-11-10,3126.20000000,3248.52000000,3069.00000000,3183.21000000,865536.73220000
2024-11-11,3183.20000000,3387.61000000,3105.00000000,3371.59000000,1000093.96640000
2024-11-12,3371.59000000,3442.50000000,3207.67000000,3243.80000000,973215.72850000
2024-11-13,3243.79000000,3331.00000000,3116.69000000,3187.16000000,919686.37470000
2024-11-14,3187.16000000,3240.40000000,3028.56000000,3058.82000000,605780.66620000
2024-11-15,3058.81000000,3131.06000000,3014.50000000,3090.01000000,519623.63170000
2024-11-16,3090.01000000,3219.97000000,3072.00000000,3132.87000000,423639.15730000
2024-11-17,3132.88000000,3162.11000000,3034.99000000,3076.00000000,449818.95750000
2024-11-18,3075.99000000,3224.94000000,3050.01000000,3207.80000000,640658.43570000
2024-11-19,3207.81000000,3221.20000000,3065.40000000,3107.44000000,500112.01940000
2024-11-20,3107.45000000,3159.20000000,3029.41000000,3069.97000000,503607.83360000
2024-11-21,3069.97000000,3386.73000000,3032.59000000,3355.81000000,974923.30350000
2024-11-22,3355.88000000,3425.92000000,3257.54000000,3327.78000000,603273.70930000
2024-11-23,3327.78000000,3497.51000000,3312.72000000,3393.91000000,721024.00090000
2024-11-24,3393.91000000,3450.00000000,3281.40000000,3361.20000000,479098.09210000
2024-11-25,3361.21000000,3546.66000000,3300.01000000,3414.49000000,949330.37000000
2024-11-26,3414.49000000,3462.49000000,3252.00000000,3324.73000000,672367.15030000
2024-11-27,3324.74000000,3684.92000000,3302.40000000,3653.28000000,754573.64850000
2024-11-28,3653.27000000,3661.92000000,3529.76000000,3578.79000000,560976.42500000
2024-11-29,3578.80000000,3647.98000000,3534.28000000,3592.21000000,425493.24490000
2024-11-30,3592.22000000,3738.98000000,3568.40000000,3703.60000000,503684.74850000
2024-12-01,3703.59000000,3746.80000000,3659.20000000,3707.61000000,429089.26330000
2024-12-02,3707.61000000,3760.00000000,3554.32000000,3643.42000000,737130.56900000
2024-12-03,3643.43000000,3670.00000000,3500.00000000,3614.51000000,678400.20320000
2024-12-04,3614.51000000,3887.24000000,3614.51000000,3837.80000000,968744.03990000
2024-12-05,3837.80000000,3956.00000000,3677.00000000,3785.20000000,946493.27600000
2024-12-06,3785.21000000,4087.73000000,3777.26000000,3998.87000000,803855.11460000
2024-12-07,3998.87000000,4024.46000000,3968.00000000,3996.22000000,283920.02000000
2024-12-08,3996.22000000,4015.58000000,3923.50000000,4004.15000000,251362.16850000
2024-12-09,4004.15000000,4006.17000000,3509.00000000,3712.00000000,939642.20010000
2024-12-10,3712.00000000,3780.76000000,3515.89000000,3628.25000000,942206.03370000
2024-12-11,3628.24000000,3848.64000000,3562.34000000,3831.81000000,461818.78010000
2024-12-12,3831.82000000,3987.41000000,3796.80000000,3881.61000000,572098.63430000
2024-12-13,3881.60000000,3968.47000000,3852.94000000,3906.80000000,387765.68730000
2024-12-14,3906.80000000,3945.00000000,3825.03000000,3870.29000000,265538.94790000
2024-12-15,3870.30000000,3974.61000000,3831.50000000,3959.09000000,253833.21410000
2024-12-16,3959.09000000,4107.80000000,3884.00000000,3986.24000000,673351.07230000
2024-12-17,3986.24000000,4041.82000000,3847.96000000,3893.01000000,450825.98610000
2024-12-18,3893.01000000,3907.19000000,3617.42000000,3626.80000000,722505.06180000
2024-12-19,3626.80000000,3720.00000000,3326.80000000,3417.01000000,1078153.48510000
2024-12-20,3417.01000000,3497.84000000,3101.90000000,3472.21000000,1332783.73100000
2024-12-21,3472.20000000,3555.18000000,3293.11000000,3338.92000000,475275.82000000
2024-12-22,3338.92000000,3403.00000000,3221.10000000,3281.83000000,361920.24950000
2024-12-23,3281.83000000,3466.99000000,3216.97000000,3422.53000000,488253.41000000
2024-12-24,3422.53000000,3539.65000000,3358.19000000,3493.18000000,315723.67630000
2024-12-25,3493.17000000,3547.95000000,3440.93000000,3497.00000000,219846.04520000
2024-12-26,3497.00000000,3514.94000000,3304.63000000,3335.05000000,310170.17190000
2024-12-27,3335.04000000,3444.16000000,3306.60000000,3333.51000000,342529.60380000
2024-12-28,3333.51000000,3428.68000000,3322.23000000,3404.00000000,175963.61300000
2024-12-29,3404.01000000,3413.78000000,3326.17000000,3356.48000000,156256.88190000
2024-12-30,3356.48000000,3437.59000000,3305.00000000,3361.84000000,420794.64760000
2024-12-31,3361.83000000,3451.00000000,3315.59000000,3337.78000000,303053.16850000
2025-01-01,3337.78000000,3374.85000000,3313.88000000,3360.38000000,190238.58610000
2025-01-02,3360.39000000,3509.99000000,3354.50000000,3455.67000000,338632.88740000
2025-01-03,3455.68000000,3630.00000000,3423.44000000,3609.01000000,334041.06040000
2025-01-04,3609.00000000,3671.60000000,3572.42000000,3656.88000000,229266.31330000
2025-01-05,3656.88000000,3675.25000000,3593.70000000,3635.99000000,155444.17410000
2025-01-06,3636.00000000,3744.83000000,3610.63000000,3687.45000000,329642.36480000
2025-01-07,3687.44000000,3700.86000000,3356.31000000,3381.31000000,541543.28740000
2025-01-08,3381.31000000,3415.10000000,3208.20000000,3327.29000000,584749.96270000
2025-01-09,3327.29000000,3357.27000000,3158.00000000,3219.20000000,501818.42470000
2025-01-10,3219.20000000,3322.49000000,3193.97000000,3267.04000000,454142.13330000
2025-01-11,3267.05000000,3320.18000000,3217.56000000,3282.83000000,151679.74870000
2025-01-12,3282.83000000,3300.00000000,3224.49000000,3267.30000000,164879.97090000
2025-01-13,3267.30000000,3339.00000000,2920.00000000,3137.51000000,845907.56690000
2025-01-14,3137.51000000,3256.67000000,3125.65000000,3225.63000000,374308.45170000
2025-01-15,3225.63000000,3473.75000000,3186.36000000,3451.52000000,464188.03400000
2025-01-16,3451.51000000,3460.79000000,3265.44000000,3308.05000000,471282.67870000
2025-01-17,3308.04000000,3525.72000000,3307.50000000,3473.63000000,518550.18130000
2025-01-18,3473.64000000,3494.39000000,3227.00000000,3307.71000000,634197.12810000
2025-01-19,3307.71000000,3448.99000000,3130.48000000,3215.12000000,1342301.52170000
2025-01-20,3215.20000000,3453.69000000,3142.78000000,3284.00000000,1158354.78140000
2025-01-21,3283.99000000,3368.00000000,3204.60000000,3327.54000000,548706.05130000
2025-01-22,3327.55000000,3365.99000000,3222.85000000,3242.60000000,349240.74980000
2025-01-23,3242.61000000,3347.97000000,3185.00000000,3338.21000000,605592.72250000
2025-01-24,3338.22000000,3428.00000000,3275.90000000,3310.09000000,451524.27520000
2025-01-25,3310.10000000,3350.68000000,3268.66000000,3318.77000000,208559.04150000
2025-01-26,3318.76000000,3362.00000000,3230.00000000,3232.61000000,272165.46900000
2025-01-27,3232.61000000,3253.91000000,3020.01000000,3182.44000000,753004.75290000
2025-01-28,3182.44000000,3223.01000000,3040.03000000,3077.72000000,350959.71730000
2025-01-29,3077.72000000,3182.52000000,3054.06000000,3113.90000000,409737.25760000
2025-01-30,3113.90000000,3283.43000000,3091.06000000,3247.39000000,350639.48230000
2025-01-31,3247.38000000,3437.31000000,3213.80000000,3300.99000000,648681.65610000
2025-02-01,3300.99000000,3331.98000000,3101.70000000,3117.54000000,354065.25250000
2025-02-02,3117.54000000,3163.20000000,2750.71000000,2869.68000000,1050805.93000000
2025-02-03,2869.68000000,2921.00000000,2125.01000000,2879.90000000,2807979.02100000
2025-02-04,2879.89000000,2888.50000000,2632.60000000,2731.19000000,1259594.39190000
2025-02-05,2731.19000000,2826.95000000,2699.13000000,2788.25000000,686593.04290000
2025-02-06,2788.25000000,2857.64000000,2655.28000000,2686.64000000,719459.95710000
2025-02-07,2686.63000000,2797.50000000,2562.51000000,2622.10000000,695467.36120000
2025-02-08,2622.11000000,2667.30000000,2588.80000000,2632.46000000,379685.15090000
2025-02-09,2632.46000000,2698.90000000,2520.02000000,2627.18000000,387166.79110000
2025-02-10,2627.18000000,2693.79000000,2559.85000000,2661.19000000,398173.27160000
2025-02-11,2661.19000000,2725.04000000,2558.24000000,2602.59000000,484196.14350000
2025-02-12,2602.59000000,2795.45000000,2546.92000000,2738.27000000,646295.89590000
2025-02-13,2738.27000000,2757.28000000,2612.76000000,2675.87000000,443769.28530000
2025-02-14,2675.87000000,2791.78000000,2664.46000000,2725.95000000,419895.78620000
2025-02-15,2725.95000000,2739.00000000,2662.28000000,2693.04000000,202971.42950000
2025-02-16,2693.04000000,2727.31000000,2651.26000000,2661.41000000,191231.53140000
2025-02-17,2661.41000000,2849.70000000,2637.71000000,2744.05000000,639739.81970000
2025-02-18,2744.05000000,2756.93000000,2605.44000000,2671.99000000,604863.87370000
2025-02-19,2672.00000000,2736.70000000,2656.03000000,2715.50000000,326154.02020000
2025-02-20,2715.51000000,2770.59000000,2707.18000000,2738.04000000,336735.25440000
2025-02-21,2738.04000000,2845.32000000,2616.72000000,2663.00000000,890440.06040000
2025-02-22,2663.00000000,2798.07000000,2653.33000000,2763.22000000,444989.66690000
2025-02-23,2763.23000000,2857.34000000,2745.41000000,2819.69000000,611002.12220000
2025-02-24,2819.70000000,2839.95000000,2470.33000000,2513.52000000,876876.37070000
2025-02-25,2513.52000000,2533.49000000,2313.49000000,2495.70000000,1322016.87180000
2025-02-26,2495.69000000,2507.50000000,2253.77000000,2336.37000000,863087.21330000
2025-02-27,2336.38000000,2381.60000000,2230.57000000,2307.72000000,637583.91060000
2025-02-28,2307.72000000,2314.18000000,2076.26000000,2237.59000000,1291539.05570000
2025-03-01,2237.59000000,2281.14000000,2142.73000000,2217.39000000,446430.72710000
2025-03-02,2217.40000000,2550.58000000,2172.04000000,2518.11000000,1266684.77480000
2025-03-03,2518.12000000,2523.56000000,2097.91000000,2149.01000000,1109565.20030000
2025-03-04,2149.02000000,2221.88000000,1993.20000000,2171.51000000,1257822.33720000
2025-03-05,2171.50000000,2273.51000000,2155.03000000,2241.59000000,687130.78970000
2025-03-06,2241.59000000,2319.99000000,2176.90000000,2202.20000000,596908.39350000
2025-03-07,2202.21000000,2258.47000000,2101.82000000,2141.60000000,782387.26060000
2025-03-08,2141.60000000,2234.93000000,2105.06000000,2203.58000000,328793.09790000
2025-03-09,2203.57000000,2212.00000000,1989.66000000,2020.41000000,601671.58820000
2025-03-10,2020.43000000,2152.40000000,1810.01000000,1865.10000000,1248745.35140000
2025-03-11,1865.11000000,1963.20000000,1754.28000000,1923.43000000,1171427.99950000
2025-03-12,1923.42000000,1960.00000000,1829.72000000,1908.20000000,788739.67630000
2025-03-13,1908.20000000,1923.09000000,1821.81000000,1864.59000000,569537.26220000
2025-03-14,1864.59000000,1945.64000000,1861.31000000,1911.65000000,375805.73550000
2025-03-15,1911.64000000,1957.19000000,1903.75000000,1937.17000000,209545.86750000
2025-03-16,1937.18000000,1940.87000000,1860.38000000,1887.00000000,324766.65640000
2025-03-17,1887.01000000,1952.40000000,1879.98000000,1926.31000000,334840.48770000
2025-03-18,1926.30000000,1936.20000000,1872.31000000,1931.54000000,332896.01550000
2025-03-19,1931.54000000,2069.90000000,1927.58000000,2056.06000000,691809.50340000
2025-03-20,2056.05000000,2067.90000000,1952.17000000,1983.79000000,401518.92820000
2025-03-21,1983.79000000,1996.73000000,1937.10000000,1965.75000000,262641.65900000
2025-03-22,1965.74000000,2006.61000000,1964.34000000,1980.69000000,170782.95740000
2025-03-23,1980.68000000,2020.74000000,1976.81000000,2005.99000000,268707.52330000
2025-03-24,2005.99000000,2104.11000000,1977.67000000,2081.20000000,477912.81540000
2025-03-25,2081.20000000,2097.70000000,2037.08000000,2066.15000000,328765.32920000
2025-03-26,2066.16000000,2079.21000000,1981.60000000,2009.52000000,428975.32860000
2025-03-27,2009.52000000,2037.38000000,1987.06000000,2003.66000000,360634.83830000
2025-03-28,2003.67000000,2015.93000000,1860.00000000,1896.90000000,626167.58320000
2025-03-29,1896.90000000,1913.60000000,1797.20000000,1828.08000000,409769.75550000
2025-03-30,1828.09000000,1849.01000000,1767.69000000,1807.74000000,327843.44760000
2025-03-31,1807.74000000,1854.22000000,1776.75000000,1822.43000000,497854.90520000
2025-04-01,1822.43000000,1927.90000000,1817.88000000,1904.98000000,452989.09740000
2025-04-02,1904.98000000,1957.00000000,1781.53000000,1795.22000000,750840.78230000
2025-04-03,1795.21000000,1845.26000000,1750.00000000,1817.23000000,508075.01800000
2025-04-04,1817.23000000,1835.68000000,1758.72000000,1816.87000000,572734.47020000
2025-04-05,1816.88000000,1827.29000000,1764.39000000,1806.01000000,201716.26960000
2025-04-06,1806.02000000,1817.00000000,1537.50000000,1580.76000000,979847.09580000
2025-04-07,1580.77000000,1639.00000000,1411.01000000,1553.04000000,2168796.00670000
2025-04-08,1553.04000000,1618.67000000,1441.30000000,1473.41000000,891846.13270000
2025-04-09,1473.41000000,1689.00000000,1385.05000000,1669.51000000,1968530.91380000
2025-04-10,1669.51000000,1669.85000000,1471.02000000,1522.25000000,911855.39340000
2025-04-11,1522.24000000,1591.47000000,1504.63000000,1566.85000000,578484.31830000
2025-04-12,1566.85000000,1669.59000000,1546.06000000,1644.18000000,501867.90330000
2025-04-13,1644.19000000,1649.75000000,1562.01000000,1597.76000000,580136.61450000
2025-04-14,1597.76000000,1691.50000000,1595.56000000,1623.77000000,645930.14190000
2025-04-15,1623.78000000,1661.21000000,1583.12000000,1588.78000000,476178.89150000
2025-04-16,1588.77000000,1613.66000000,1538.07000000,1577.14000000,611387.86860000
2025-04-17,1577.15000000,1616.96000000,1563.20000000,1583.62000000,449870.36280000
2025-04-18,1583.63000000,1600.64000000,1573.54000000,1588.60000000,200409.03590000
2025-04-19,1588.60000000,1631.81000000,1585.01000000,1613.27000000,223096.38990000
2025-04-20,1613.26000000,1619.19000000,1565.59000000,1587.36000000,276052.23060000
2025-04-21,1587.36000000,1658.75000000,1564.07000000,1579.57000000,691486.66670000
2025-04-22,1579.57000000,1778.00000000,1537.26000000,1756.26000000,1103036.95860000
2025-04-23,1756.25000000,1834.86000000,1744.95000000,1795.07000000,887545.63160000
2025-04-24,1795.08000000,1802.82000000,1722.90000000,1769.65000000,483465.03850000
2025-04-25,1769.64000000,1827.32000000,1738.60000000,1784.60000000,595610.88940000
2025-04-26,1784.60000000,1841.16000000,1778.94000000,1820.88000000,355068.04420000
2025-04-27,1820.87000000,1857.47000000,1781.90000000,1791.29000000,340332.64350000
2025-04-28,1791.29000000,1827.98000000,1744.71000000,1799.88000000,587269.74300000
2025-04-29,1799.88000000,1842.99000000,1780.47000000,1797.81000000,480456.38840000
2025-04-30,1797.81000000,1816.80000000,1731.70000000,1793.61000000,473523.98770000
2025-05-01,1793.62000000,1873.17000000,1792.52000000,1838.11000000,537198.72910000
2025-05-02,1838.10000000,1871.00000000,1813.00000000,1842.20000000,410667.87500000
2025-05-03,1842.20000000,1848.60000000,1810.00000000,1833.52000000,213751.59790000
2025-05-04,1833.52000000,1849.95000000,1803.00000000,1808.86000000,238254.35640000
2025-05-05,1808.86000000,1833.55000000,1781.85000000,1820.19000000,342341.00780000
2025-05-06,1820.19000000,1820.90000000,1752.00000000,1817.00000000,384584.24510000
2025-05-07,1817.00000000,1850.00000000,1787.01000000,1811.11000000,456170.07050000
2025-05-08,1811.11000000,2226.00000000,1808.71000000,2207.39000000,1473152.68600000
2025-05-09,2207.39000000,2490.77000000,2184.33000000,2345.04000000,1667041.03820000
2025-05-10,2345.04000000,2600.00000000,2317.00000000,2583.23000000,979350.16060000
2025-05-11,2583.22000000,2608.13000000,2435.51000000,2514.57000000,831584.38880000
2025-05-12,2514.58000000,2624.00000000,2406.63000000,2495.47000000,1068680.94330000
2025-05-13,2495.48000000,2738.50000000,2415.30000000,2679.71000000,1031355.64650000
2025-05-14,2679.71000000,2725.99000000,2547.26000000,2609.74000000,830047.11220000
2025-05-15,2609.75000000,2647.03000000,2476.03000000,2548.69000000,768954.03320000
2025-05-16,2548.70000000,2649.31000000,2529.40000000,2537.12000000,605953.69190000
2025-05-17,2537.13000000,2538.16000000,2446.42000000,2475.08000000,494333.27820000
2025-05-18,2475.09000000,2587.61000000,2323.21000000,2497.78000000,810103.18510000
2025-05-19,2497.78000000,2547.36000000,2348.38000000,2528.14000000,861747.52300000
2025-05-20,2528.14000000,2588.63000000,2442.40000000,2524.19000000,676989.17470000
2025-05-21,2524.19000000,2615.95000000,2452.20000000,2550.99000000,1095890.29020000
2025-05-22,2551.00000000,2692.99000000,2544.83000000,2664.82000000,852555.66690000
2025-05-23,2664.83000000,2734.23000000,2498.30000000,2526.50000000,971442.45320000
2025-05-24,2526.49000000,2575.85000000,2515.08000000,2530.40000000,257544.23440000
2025-05-25,2530.41000000,2554.26000000,2463.00000000,2551.22000000,359890.02990000
2025-05-26,2551.22000000,2599.00000000,2525.86000000,2563.70000000,362971.11820000
2025-05-27,2563.70000000,2712.36000000,2509.46000000,2660.81000000,798430.88620000
2025-05-28,2660.81000000,2689.14000000,2608.50000000,2681.60000000,560095.68330000
2025-05-29,2681.61000000,2788.00000000,2619.05000000,2631.39000000,811567.25450000
2025-05-30,2631.39000000,2649.23000000,2507.35000000,2531.34000000,763045.25640000
2025-05-31,2531.35000000,2550.34000000,2475.33000000,2528.06000000,394537.25210000
2025-06-01,2528.06000000,2547.79000000,2468.56000000,2539.21000000,332021.70880000
2025-06-02,2539.20000000,2615.00000000,2475.00000000,2607.41000000,468889.97370000
2025-06-03,2607.42000000,2655.38000000,2575.00000000,2593.36000000,454383.04390000
2025-06-04,2593.35000000,2679.88000000,2583.50000000,2607.68000000,502494.82140000
2025-06-05,2607.68000000,2640.86000000,2391.66000000,2414.01000000,808938.03440000
2025-06-06,2414.02000000,2531.36000000,2381.49000000,2476.10000000,578843.49740000
2025-06-07,2476.10000000,2544.36000000,2457.00000000,2524.63000000,264787.67430000
2025-06-08,2524.64000000,2548.63000000,2490.58000000,2509.83000000,266474.71390000
2025-06-09,2509.84000000,2693.99000000,2477.73000000,2680.13000000,568726.30250000
2025-06-10,2680.13000000,2827.00000000,2655.61000000,2816.40000000,1138405.47750000
2025-06-11,2816.41000000,2879.22000000,2743.75000000,2771.61000000,850210.93240000
2025-06-12,2771.60000000,2784.83000000,2616.24000000,2642.65000000,699593.37570000
2025-06-13,2642.66000000,2645.45000000,2436.98000000,2579.19000000,1202176.29720000
2025-06-14,2579.19000000,2579.43000000,2488.72000000,2530.76000000,331438.92780000
2025-06-15,2530.77000000,2559.51000000,2492.00000000,2547.61000000,299701.66240000
2025-06-16,2547.62000000,2680.34000000,2514.85000000,2544.17000000,680429.98800000
2025-06-17,2544.17000000,2618.60000000,2453.80000000,2509.95000000,715930.40810000
2025-06-18,2509.95000000,2548.42000000,2465.78000000,2525.00000000,504532.18180000
2025-06-19,2525.00000000,2546.91000000,2485.03000000,2521.12000000,252646.05900000
2025-06-20,2521.13000000,2569.00000000,2367.36000000,2406.49000000,632027.82350000
2025-06-21,2406.49000000,2448.80000000,2216.00000000,2295.73000000,496783.86400000
2025-06-22,2295.72000000,2314.48000000,2111.89000000,2227.70000000,840155.82950000
2025-06-23,2227.70000000,2438.68000000,2188.00000000,2411.66000000,744583.80030000
2025-06-24,2411.66000000,2482.04000000,2376.11000000,2448.45000000,516760.66210000
2025-06-25,2448.46000000,2468.69000000,2389.69000000,2418.49000000,414894.73870000
2025-06-26,2418.50000000,2520.92000000,2394.32000000,2415.96000000,463704.02610000
2025-06-27,2415.96000000,2463.54000000,2382.53000000,2423.17000000,381474.76600000
2025-06-28,2423.17000000,2447.80000000,2405.81000000,2435.62000000,155814.98590000
2025-06-29,2435.62000000,2525.00000000,2412.00000000,2500.09000000,284291.80570000
2025-06-30,2500.09000000,2524.30000000,2431.00000000,2485.47000000,440455.71400000
2025-07-01,2485.47000000,2500.80000000,2386.52000000,2405.01000000,351951.08680000
2025-07-02,2405.01000000,2619.28000000,2373.00000000,2570.41000000,634967.03370000
2025-07-03,2570.41000000,2635.50000000,2556.12000000,2591.25000000,504943.65920000
2025-07-04,2591.26000000,2603.17000000,2474.24000000,2508.04000000,452593.02000000
2025-07-05,2508.04000000,2529.81000000,2487.95000000,2516.41000000,157198.09580000
2025-07-06,2516.42000000,2605.00000000,2503.50000000,2570.35000000,277593.63190000
2025-07-07,2570.35000000,2590.57000000,2512.00000000,2542.29000000,315707.52720000
2025-07-08,2542.30000000,2628.21000000,2523.59000000,2615.25000000,370915.73210000
2025-07-09,2615.25000000,2795.74000000,2589.78000000,2768.74000000,686119.37720000
2025-07-10,2768.74000000,3000.00000000,2755.50000000,2951.29000000,951896.07000000
2025-07-11,2951.29000000,3040.15000000,2913.75000000,2958.22000000,906839.16890000
2025-07-12,2958.21000000,2979.78000000,2903.85000000,2943.28000000,348884.88770000
2025-07-13,2943.29000000,3020.31000000,2936.49000000,2972.03000000,357333.50160000
2025-07-14,2972.03000000,3083.00000000,2962.81000000,3013.62000000,815552.64960000
2025-07-15,3013.61000000,3144.14000000,2932.46000000,3137.89000000,863583.73770000
2025-07-16,3137.90000000,3425.00000000,3101.00000000,3371.35000000,1135950.58310000
2025-07-17,3371.35000000,3523.44000000,3310.77000000,3476.87000000,974065.82640000
2025-07-18,3476.88000000,3673.84000000,3458.68000000,3546.92000000,1163823.39770000
2025-07-19,3546.92000000,3608.30000000,3506.79000000,3592.01000000,381791.92130000
2025-07-20,3592.00000000,3824.56000000,3579.13000000,3756.69000000,852356.55330000
2025-07-21,3756.69000000,3860.00000000,3701.01000000,3762.33000000,812074.05340000
2025-07-22,3762.32000000,3798.65000000,3616.54000000,3746.21000000,870127.38640000
2025-07-23,3746.21000000,3764.20000000,3527.00000000,3628.29000000,800259.40250000
2025-07-24,3628.29000000,3771.00000000,3502.85000000,3706.94000000,749459.49500000
2025-07-25,3706.95000000,3747.00000000,3573.76000000,3724.96000000,764606.72610000
2025-07-26,3724.97000000,3793.00000000,3697.66000000,3741.10000000,407259.70240000
2025-07-27,3741.11000000,3879.82000000,3731.00000000,3872.10000000,457352.46050000
2025-07-28,3872.11000000,3941.00000000,3754.00000000,3799.00000000,620994.74630000
2025-07-29,3799.00000000,3886.44000000,3716.04000000,3793.79000000,584210.43930000
2025-07-30,3793.79000000,3834.03000000,3677.65000000,3810.00000000,525424.90030000
2025-07-31,3810.00000000,3878.67000000,3684.33000000,3698.39000000,516088.45030000
2025-08-01,3698.39000000,3724.02000000,3431.75000000,3488.20000000,783869.15170000
2025-08-02,3488.21000000,3537.69000000,3368.29000000,3393.94000000,494195.70940000
2025-08-03,3393.94000000,3521.79000000,3354.28000000,3496.74000000,296347.67580000
2025-08-04,3496.75000000,3736.73000000,3490.73000000,3720.99000000,463349.98610000
2025-08-05,3720.99000000,3722.24000000,3546.00000000,3612.00000000,489070.95890000
2025-08-06,3612.01000000,3698.60000000,3564.19000000,3683.31000000,365309.92050000
2025-08-07,3683.31000000,3927.77000000,3647.63000000,3910.31000000,631678.98720000
2025-08-08,3910.30000000,4071.00000000,3880.00000000,4009.50000000,723300.01090000
2025-08-09,4009.51000000,4326.20000000,4006.63000000,4260.62000000,691932.10480000
2025-08-10,4260.63000000,4332.60000000,4153.07000000,4250.57000000,494843.81050000
2025-08-11,4250.58000000,4366.46000000,4166.77000000,4223.22000000,722664.04000000
2025-08-12,4223.22000000,4639.70000000,4219.04000000,4590.52000000,885288.06520000
2025-08-13,4590.52000000,4783.85000000,4564.33000000,4749.30000000,925931.49880000
2025-08-14,4749.31000000,4788.00000000,4451.33000000,4546.84000000,1265449.04530000
2025-08-15,4546.84000000,4672.67000000,4368.00000000,4439.47000000,880409.25910000
2025-08-16,4439.47000000,4490.42000000,4372.54000000,4421.99000000,358676.58840000
2025-08-17,4422.00000000,4576.00000000,4393.98000000,4472.33000000,442461.38290000
2025-08-18,4472.34000000,4481.88000000,4225.86000000,4312.99000000,823188.12690000
2025-08-19,4312.99000000,4355.00000000,4067.34000000,4075.59000000,831222.79510000
2025-08-20,4075.58000000,4378.00000000,4060.00000000,4336.16000000,728324.89330000
2025-08-21,4336.16000000,4340.26000000,4204.20000000,4225.30000000,433836.39920000
2025-08-22,4225.30000000,4887.59000000,4207.39000000,4832.07000000,1277976.63526000
2025-08-23,4832.07000000,4832.07000000,4659.70000000,4778.40000000,512442.08880000
2025-08-24,4778.40000000,4956.78000000,4711.00000000,4780.15000000,780668.77842000
2025-08-25,4780.15000000,4797.97000000,4334.13000000,4376.18000000,1043917.16590000
2025-08-26,4376.17000000,4633.46000000,4311.04000000,4600.63000000,834750.27670000
2025-08-27,4600.63000000,4663.93000000,4481.53000000,4506.71000000,606669.36110000
2025-08-28,4506.71000000,4633.97000000,4430.00000000,4511.21000000,485243.40270000
2025-08-29,4511.20000000,4516.75000000,4265.00000000,4360.18000000,679063.87770000
2025-08-30,4360.18000000,4415.61000000,4257.20000000,4373.70000000,340319.18260000
2025-08-31,4373.70000000,4498.47000000,4372.63000000,4391.83000000,356586.18610000
2025-09-01,4391.83000000,4491.84000000,4210.61000000,4314.50000000,513830.03950000
2025-09-02,4314.50000000,4416.78000000,4257.85000000,4326.50000000,524605.05120000
2025-09-03,4326.49000000,4490.64000000,4283.23000000,4450.46000000,487091.68610000
2025-09-04,4450.46000000,4482.05000000,4265.33000000,4297.55000000,471795.70960000
2025-09-05,4297.56000000,4490.00000000,4256.03000000,4307.45000000,624169.87540000
2025-09-06,4307.46000000,4329.30000000,4236.00000000,4273.14000000,191166.06860000
2025-09-07,4273.15000000,4336.02000000,4270.81000000,4306.19000000,169620.83720000
2025-09-08,4306.19000000,4384.06000000,4279.00000000,4306.37000000,372882.43550000
2025-09-09,4306.36000000,4381.87000000,4276.76000000,4310.09000000,405485.78210000
2025-09-10,4310.08000000,4453.57000000,4285.10000000,4349.32000000,506633.90980000
2025-09-11,4349.33000000,4481.09000000,4338.82000000,4458.82000000,441259.66490000
2025-09-12,4458.83000000,4748.40000000,4450.71000000,4712.16000000,510777.54020000
2025-09-13,4712.16000000,4769.36000000,4605.00000000,4666.53000000,394393.68690000
2025-09-14,4666.54000000,4692.36000000,4576.89000000,4604.49000000,278244.32050000
2025-09-15,4604.48000000,4670.28000000,4466.00000000,4523.74000000,412291.96870000
2025-09-16,4523.74000000,4538.25000000,4424.00000000,4501.29000000,293307.10990000
2025-09-17,4501.30000000,4616.77000000,4412.00000000,4590.53000000,476981.45610000
2025-09-18,4590.54000000,4644.47000000,4553.70000000,4587.66000000,290660.37700000
2025-09-19,4587.66000000,4620.72000000,4435.70000000,4468.59000000,331611.14820000
2025-09-20,4468.59000000,4508.71000000,4454.45000000,4480.42000000,130781.91300000
2025-09-21,4480.41000000,4498.16000000,4443.00000000,4444.97000000,149349.82620000
2025-09-22,4444.98000000,4455.76000000,4077.00000000,4199.08000000,708243.23480000
2025-09-23,4199.09000000,4229.03000000,4114.39000000,4164.26000000,315227.90570000
2025-09-24,4164.25000000,4206.90000000,4073.74000000,4152.81000000,353665.56710000
2025-09-25,4152.81000000,4161.04000000,3815.00000000,3874.36000000,930327.69510000
2025-09-26,3874.35000000,4068.30000000,3867.65000000,4032.24000000,575711.08590000
2025-09-27,4032.24000000,4039.01000000,3972.98000000,4018.38000000,172693.26380000
2025-09-28,4018.39000000,4144.88000000,3966.00000000,4142.16000000,240331.85890000
2025-09-29,4142.16000000,4235.86000000,4082.25000000,4215.07000000,380728.67840000
2025-09-30,4215.07000000,4245.00000000,4092.10000000,4145.15000000,391126.61720000
2025-10-01,4145.15000000,4355.46000000,4123.08000000,4348.03000000,507026.38220000
2025-10-02,4348.03000000,4516.74000000,4332.73000000,4484.35000000,526411.15710000
2025-10-03,4484.35000000,4591.59000000,4428.00000000,4512.87000000,485684.02670000
2025-10-04,4512.88000000,4517.93000000,4440.00000000,4487.15000000,199732.70880000
2025-10-05,4487.16000000,4618.17000000,4467.05000000,4514.32000000,506587.96140000
2025-10-06,4514.32000000,4735.93000000,4488.25000000,4684.01000000,456200.65280000
2025-10-07,4684.02000000,4755.00000000,4430.43000000,4447.70000000,640685.93190000
2025-10-08,4447.70000000,4558.00000000,4410.08000000,4525.72000000,399904.32870000
2025-10-09,4525.72000000,4531.52000000,4265.06000000,4368.09000000,515978.18290000
2025-10-10,4368.09000000,4393.63000000,3435.00000000,3829.72000000,1493971.02440000
2025-10-11,3829.72000000,3878.30000000,3643.33000000,3746.79000000,789885.65820000
2025-10-12,3746.80000000,4197.70000000,3694.74000000,4152.29000000,811308.15200000
2025-10-13,4152.29000000,4292.00000000,4042.29000000,4240.85000000,622813.92470000
2025-10-14,4240.86000000,4263.38000000,3888.74000000,4125.02000000,962996.76580000
2025-10-15,4125.01000000,4217.60000000,3926.74000000,3985.61000000,626081.69660000
2025-10-16,3985.61000000,4086.49000000,3826.04000000,3894.51000000,643804.61630000
2025-10-17,3894.50000000,3950.45000000,3674.50000000,3831.57000000,830127.08850000
2025-10-18,3831.58000000,3927.73000000,3819.07000000,3889.21000000,250710.61210000
2025-10-19,3889.20000000,4030.94000000,3827.04000000,3982.58000000,408538.25450000
2025-10-20,3982.58000000,4085.30000000,3908.73000000,3979.22000000,511382.33010000
2025-10-21,3979.22000000,4110.00000000,3840.24000000,3873.05000000,590594.13820000
2025-10-22,3873.04000000,3889.27000000,3710.00000000,3805.53000000,593130.09050000
2025-10-23,3805.53000000,3934.86000000,3796.54000000,3856.80000000,477231.01810000
2025-10-24,3856.80000000,4026.39000000,3845.86000000,3934.88000000,425926.93830000
2025-10-25,3934.88000000,3969.22000000,3912.40000000,3953.82000000,138526.33380000
2025-10-26,3953.81000000,4178.78000000,3919.03000000,4158.46000000,344698.09180000
2025-10-27,4158.46000000,4253.72000000,4095.00000000,4120.15000000,487131.22910000
2025-10-28,4120.16000000,4175.55000000,3931.33000000,3979.20000000,472965.83770000
2025-10-29,3979.19000000,4036.66000000,3840.37000000,3902.99000000,486452.31270000
2025-10-30,3903.00000000,3948.74000000,3680.00000000,3805.09000000,531455.99230000
2025-10-31,3804.95000000,3906.09000000,3796.36000000,3847.99000000,478636.29950000
2025-11-01,3848.00000000,3909.39000000,3831.00000000,3873.77000000,152998.16260000
2025-11-02,3873.78000000,3918.23000000,3839.12000000,3906.58000000,216083.15420000
2025-11-03,3906.58000000,3914.29000000,3558.82000000,3603.83000000,877187.38520000
2025-11-04,3603.84000000,3654.54000000,3057.00000000,3287.05000000,1568004.23790000
2025-11-05,3287.05000000,3480.46000000,3166.66000000,3424.29000000,809591.51320000
2025-11-06,3424.29000000,3456.46000000,3245.45000000,3315.14000000,566363.70030000
2025-11-07,3315.14000000,3473.00000000,3194.20000000,3436.05000000,683417.38540000
2025-11-08,3436.04000000,3488.00000000,3355.58000000,3401.51000000,291532.28810000
2025-11-09,3401.51000000,3623.25000000,3358.66000000,3583.46000000,464098.05200000
2025-11-10,3583.46000000,3658.98000000,3507.30000000,3567.85000000,595273.02980000
2025-11-11,3567.85000000,3648.27000000,3405.24000000,3417.76000000,660283.27470000
2025-11-12,3417.76000000,3588.19000000,3371.65000000,3414.92000000,553101.93680000
2025-11-13,3414.91000000,3565.84000000,3154.22000000,3231.54000000,951989.13470000
2025-11-14,3231.55000000,3256.71000000,3070.00000000,3112.40000000,890446.14910000
2025-11-15,3112.40000000,3230.00000000,3110.68000000,3167.88000000,338463.47820000
2025-11-16,3167.87000000,3249.00000000,3004.00000000,3095.29000000,570633.58090000
2025-11-17,3095.29000000,3223.38000000,2959.46000000,3031.44000000,762500.42890000
2025-11-18,3031.44000000,3169.95000000,2946.56000000,3123.66000000,766640.10580000
2025-11-19,3123.65000000,3125.54000000,2873.64000000,3025.48000000,737926.71460000
2025-11-20,3025.48000000,3063.61000000,2790.01000000,2834.22000000,912524.37180000
2025-11-21,2834.21000000,2886.73000000,2623.57000000,2765.85000000,1180475.40850000
2025-11-22,2765.86000000,2799.01000000,2704.33000000,2770.12000000,264691.30890000
2025-11-23,2770.12000000,2858.16000000,2768.29000000,2802.16000000,409808.57340000
2025-11-24,2802.16000000,2987.00000000,2763.00000000,2953.38000000,715279.75510000
2025-11-25,2953.38000000,2980.82000000,2857.32000000,2959.36000000,427686.45280000
2025-11-26,2959.36000000,3045.00000000,2888.69000000,3026.56000000,364535.32600000
2025-11-27,3026.56000000,3071.37000000,2985.78000000,3015.23000000,274980.39550000
2025-11-28,3015.23000000,3099.00000000,2994.36000000,3031.15000000,346616.02750000
2025-11-29,3031.14000000,3052.64000000,2961.91000000,2989.16000000,217904.13030000
2025-11-30,2989.17000000,3053.02000000,2975.30000000,2991.26000000,182722.42530000
2025-12-01,2991.25000000,2999.47000000,2716.04000000,2799.07000000,849002.99090000
2025-12-02,2799.07000000,3033.76000000,2782.19000000,2996.07000000,523707.35860000
2025-12-03,2996.07000000,3214.99000000,2985.58000000,3188.36000000,553669.81460000
2025-12-04,3188.39000000,3240.35000000,3066.37000000,3133.26000000,486698.39870000
2025-12-05,3133.26000000,3193.33000000,2983.08000000,3021.78000000,530382.89860000
2025-12-06,3021.77000000,3069.00000000,3012.58000000,3038.06000000,159721.24880000
2025-12-07,3038.06000000,3150.00000000,2907.52000000,3059.85000000,391129.67500000
2025-12-08,3059.86000000,3180.51000000,3040.87000000,3124.16000000,452820.22070000
2025-12-09,3124.16000000,3397.85000000,3090.80000000,3318.04000000,603859.94580000
2025-12-10,3318.04000000,3447.44000000,3288.10000000,3324.14000000,539585.45350000
2025-12-11,3324.14000000,3327.37000000,3145.28000000,3237.39000000,504114.23910000
2025-12-12,3237.38000000,3265.50000000,3045.31000000,3084.86000000,435686.44350000
2025-12-13,3084.86000000,3135.68000000,3078.60000000,3114.64000000,136465.75670000
2025-12-14,3114.64000000,3129.54000000,3024.44000000,3063.50000000,279058.35450000
2025-12-15,3063.49000000,3177.50000000,2894.57000000,2964.85000000,520509.95550000
2025-12-16,2964.85000000,2981.87000000,2876.00000000,2962.30000000,378293.11590000
2025-12-17,2962.30000000,3030.92000000,2791.02000000,2833.49000000,497630.41620000
2025-12-18,2833.50000000,2997.40000000,2775.19000000,2828.57000000,595253.79970000
2025-12-19,2828.56000000,3020.00000000,2808.63000000,2979.50000000,531702.54390000
2025-12-20,2979.49000000,2994.41000000,2964.17000000,2977.93000000,91783.77340000
2025-12-21,2977.93000000,3013.40000000,2944.00000000,3002.02000000,162244.80670000
2025-12-22,3002.03000000,3077.39000000,2963.43000000,3009.49000000,298443.56330000
2025-12-23,3009.48000000,3035.79000000,2900.93000000,2965.02000000,386465.74700000
2025-12-24,2965.03000000,2978.15000000,2888.70000000,2947.47000000,197035.55980000
2025-12-25,2947.48000000,2971.46000000,2891.20000000,2903.95000000,188721.29810000
2025-12-26,2903.90000000,2994.38000000,2894.26000000,2927.99000000,314830.99890000
2025-12-27,2928.00000000,2960.89000000,2917.13000000,2949.05000000,95040.39560000
2025-12-28,2949.05000000,2961.23000000,2924.54000000,2950.91000000,128834.13900000
2025-12-29,2950.91000000,3057.78000000,2910.25000000,2937.90000000,485959.18240000
2025-12-30,2937.91000000,3009.80000000,2919.44000000,2973.69000000,286583.28790000
2025-12-31,2973.69000000,3028.08000000,2958.91000000,2971.64000000,233729.58870000
2026-01-01,2971.65000000,3010.00000000,2971.15000000,3004.19000000,136088.52070000
2026-01-02,3004.19000000,3150.01000000,2992.49000000,3125.45000000,369891.24490000
2026-01-03,3125.46000000,3136.71000000,3076.00000000,3127.11000000,134405.22580000
2026-01-04,3127.11000000,3167.22000000,3118.75000000,3144.70000000,181576.06860000
2026-01-05,3144.71000000,3265.66000000,3135.02000000,3224.99000000,382446.66180000
2026-01-06,3224.99000000,3308.86000000,3183.27000000,3296.84000000,412503.50660000
2026-01-07,3296.83000000,3296.84000000,3125.42000000,3168.72000000,321350.12250000
2026-01-08,3168.72000000,3184.39000000,3054.65000000,3106.65000000,343616.10050000
2026-01-09,3106.66000000,3148.41000000,3058.69000000,3088.40000000,274587.45330000
2026-01-10,3088.40000000,3104.12000000,3077.99000000,3086.72000000,82341.05460000
2026-01-11,3086.72000000,3147.27000000,3084.46000000,3123.45000000,149381.29650000
2026-01-12,3123.46000000,3171.49000000,3065.55000000,3095.75000000,297373.46810000
2026-01-13,3095.75000000,3367.79000000,3091.96000000,3325.82000000,457782.28160000
2026-01-14,3325.83000000,3402.89000000,3280.48000000,3354.92000000,503440.07590000
2026-01-15,3354.92000000,3384.19000000,3273.72000000,3318.69000000,389993.83600000
2026-01-16,3318.70000000,3326.79000000,3253.01000000,3296.28000000,223921.78760000
2026-01-17,3296.28000000,3330.26000000,3283.96000000,3310.56000000,124325.03030000
2026-01-18,3310.56000000,3368.82000000,3278.86000000,3284.03000000,173354.30260000
2026-01-19,3284.04000000,3284.58000000,3165.38000000,3189.55000000,442540.55960000
2026-01-20,3189.56000000,3200.50000000,2920.00000000,2939.88000000,518166.47870000
2026-01-21,2939.88000000,3069.07000000,2866.11000000,2982.27000000,577800.24810000
2026-01-22,2982.28000000,3038.33000000,2906.02000000,2952.69000000,291660.73490000
2026-01-23,2952.70000000,3019.26000000,2892.40000000,2956.41000000,318415.33170000
2026-01-24,2956.41000000,2970.41000000,2943.84000000,2953.22000000,92082.90390000
2026-01-25,2953.23000000,2960.29000000,2787.00000000,2816.89000000,380186.53260000
2026-01-26,2816.90000000,2951.21000000,2812.37000000,2930.35000000,485169.33720000
2026-01-27,2930.35000000,3035.08000000,2899.77000000,3026.77000000,478792.39880000
2026-01-28,3026.77000000,3045.78000000,2983.67000000,3010.78000000,296607.65490000
2026-01-29,3010.78000000,3013.50000000,2754.53000000,2822.59000000,561288.59790000
2026-01-30,2822.60000000,2828.65000000,2636.01000000,2707.38000000,793279.62520000
2026-01-31,2707.37000000,2714.64000000,2250.00000000,2451.95000000,1113097.71320000
2026-02-01,2451.96000000,2475.98000000,2222.00000000,2270.15000000,1026573.94660000
2026-02-02,2270.16000000,2396.62000000,2157.14000000,2347.02000000,1248535.21140000
2026-02-03,2347.01000000,2359.88000000,2110.00000000,2233.72000000,1321099.38670000
2026-02-04,2233.72000000,2295.74000000,2076.68000000,2148.26000000,1264743.43000000
2026-02-05,2148.25000000,2173.77000000,1818.18000000,1826.83000000,1952286.69510000
2026-02-06,1826.83000000,2093.94000000,1747.80000000,2063.38000000,2102311.55730000
2026-02-07,2063.37000000,2121.70000000,1994.57000000,2087.08000000,1142616.44870000
2026-02-08,2087.08000000,2152.03000000,2064.10000000,2089.74000000,482837.25150000
2026-02-09,2089.73000000,2147.73000000,2008.62000000,2105.02000000,625378.55690000
2026-02-10,2105.02000000,2124.71000000,1989.38000000,2022.67000000,574321.69080000
2026-02-11,2022.67000000,2032.31000000,1903.19000000,1941.18000000,529655.81770000
2026-02-12,1941.19000000,2001.42000000,1897.24000000,1947.85000000,427567.14690000
2026-02-13,1947.85000000,2073.68000000,1924.72000000,2048.72000000,425649.76980000
2026-02-14,2048.72000000,2107.67000000,2042.37000000,2086.59000000,220677.23550000
2026-02-15,2086.59000000,2103.32000000,1928.88000000,1966.58000000,834778.09520000
2026-02-16,1966.59000000,2023.51000000,1937.24000000,1998.33000000,351347.94330000
2026-02-17,1998.34000000,2015.33000000,1941.66000000,1991.66000000,406246.94270000
2026-02-18,1991.67000000,2039.05000000,1923.78000000,1955.91000000,393639.00860000
2026-02-19,1955.90000000,1987.55000000,1907.00000000,1949.08000000,300257.07330000
2026-02-20,1949.08000000,1981.18000000,1922.97000000,1968.88000000,386253.55570000
2026-02-21,1968.88000000,1995.56000000,1955.62000000,1973.35000000,179173.84560000
2026-02-22,1973.35000000,1983.13000000,1935.00000000,1957.82000000,155325.64820000
2026-02-23,1957.82000000,1958.33000000,1837.13000000,1856.30000000,547359.48690000
2026-02-24,1856.30000000,1869.58000000,1800.00000000,1851.94000000,438064.02840000
2026-02-25,1851.95000000,2148.39000000,1846.74000000,2057.48000000,682979.43780000
2026-02-26,2057.48000000,2083.33000000,1975.35000000,2027.68000000,439783.35660000
2026-02-27,2027.68000000,2063.52000000,1887.00000000,1929.84000000,428687.23400000
2026-02-28,1929.84000000,1984.99000000,1835.36000000,1964.51000000,461680.98350000
2026-03-01,1964.51000000,2054.80000000,1907.41000000,1939.71000000,529196.84640000
2026-03-02,1939.71000000,2090.00000000,1920.00000000,2027.35000000,577406.37490000
2026-03-03,2027.34000000,2041.48000000,1929.56000000,1982.80000000,509329.85340000
2026-03-04,1982.81000000,2199.00000000,1945.08000000,2127.28000000,737644.81520000
2026-03-05,2127.28000000,2163.66000000,2054.75000000,2072.86000000,432157.81260000
2026-03-06,2072.86000000,2093.33000000,1955.95000000,1978.68000000,411597.75690000
2026-03-07,1978.68000000,1996.04000000,1948.09000000,1969.59000000,184459.82000000
2026-03-08,1969.60000000,1979.80000000,1916.14000000,1937.10000000,391189.73170000
2026-03-09,1937.11000000,2053.52000000,1929.65000000,1992.98000000,550825.48830000
2026-03-10,1992.97000000,2088.19000000,1991.00000000,2036.51000000,463411.87390000
2026-03-11,2036.50000000,2085.58000000,2007.17000000,2051.97000000,350061.25600000
2026-03-12,2051.97000000,2095.00000000,2017.59000000,2073.52000000,400507.81320000
2026-03-13,2073.51000000,2209.03000000,2070.12000000,2092.22000000,599657.03990000
2026-03-14,2092.21000000,2106.09000000,2061.60000000,2096.16000000,152500.58220000
2026-03-15,2096.16000000,2202.87000000,2083.35000000,2178.30000000,280825.93770000
2026-03-16,2178.29000000,2386.02000000,2164.73000000,2352.97000000,845892.77560000
2026-03-17,2352.97000000,2376.66000000,2294.15000000,2317.39000000,493831.10160000
2026-03-18,2317.38000000,2350.00000000,2153.21000000,2203.39000000,488040.88870000
2026-03-19,2203.39000000,2233.72000000,2099.38000000,2137.81000000,490791.67900000
2026-03-20,2137.82000000,2176.84000000,2116.88000000,2146.22000000,300156.17780000
2026-03-21,2146.21000000,2168.27000000,2070.78000000,2084.87000000,132559.46460000
2026-03-22,2084.86000000,2127.21000000,2026.00000000,2053.89000000,313070.55720000
2026-03-23,2053.90000000,2198.57000000,2023.04000000,2152.03000000,614508.43690000
2026-03-24,2152.03000000,2175.16000000,2103.02000000,2156.23000000,316703.47280000
2026-03-25,2156.22000000,2199.02000000,2146.35000000,2169.02000000,275641.52550000
2026-03-26,2169.02000000,2172.19000000,2034.54000000,2060.43000000,338010.62380000
2026-03-27,2060.43000000,2077.19000000,1970.93000000,1992.75000000,394873.52480000
2026-03-28,1992.76000000,2047.45000000,1983.17000000,1994.74000000,154831.80550000
2026-03-29,1994.74000000,2019.65000000,1938.82000000,1984.64000000,166726.73820000
2026-03-30,1984.65000000,2085.00000000,1980.28000000,2026.48000000,338304.43440000
2026-03-31,2026.48000000,2124.03000000,2012.64000000,2105.43000000,421897.90230000
2026-04-01,2105.43000000,2167.85000000,2082.08000000,2140.35000000,399227.37790000
2026-04-02,2140.35000000,2159.37000000,2017.04000000,2057.17000000,346872.83230000
2026-04-03,2057.18000000,2081.76000000,2040.66000000,2053.83000000,136266.63930000
2026-04-04,2053.83000000,2084.00000000,2044.63000000,2065.52000000,86504.44060000
2026-04-05,2065.51000000,2123.49000000,2021.50000000,2110.17000000,157353.31990000
2026-04-06,2110.17000000,2174.79000000,2087.50000000,2107.16000000,356054.28940000
2026-04-07,2107.16000000,2273.87000000,2060.24000000,2240.01000000,460094.80930000
2026-04-08,2240.01000000,2270.55000000,2179.78000000,2190.00000000,404717.63210000
2026-04-09,2190.00000000,2246.00000000,2157.31000000,2190.20000000,275317.95030000
2026-04-10,2190.17000000,2257.99000000,2176.10000000,2245.05000000,272899.08580000
2026-04-11,2245.06000000,2329.93000000,2229.00000000,2284.99000000,214785.40390000
2026-04-12,2285.00000000,2288.57000000,2175.00000000,2191.65000000,258156.88210000
2026-04-13,2191.64000000,2268.88000000,2175.68000000,2252.55000000,263499.79330000
